"Date","Observers","Previous Veg.","Site ID","Transect ID","Distance","Species Code","Notes","Turf","as.character(""Site ID"")"
2018-10-04,"KP, KS, PT","No Turf","1.0","No Turf_1","0.0","M",NA,NA,NA
2018-10-04,"KP, KS, PT","No Turf","1.0","No Turf_1","1.0","M",NA,NA,NA
2018-10-04,"KP, KS, PT","No Turf","1.0","No Turf_1","2.0","M",NA,NA,NA
2018-10-04,"KP, KS, PT","No Turf","1.0","No Turf_1","3.0","M",NA,NA,NA
2018-10-04,"KP, KS, PT","No Turf","1.0","No Turf_1","4.0","M",NA,NA,NA
2018-10-04,"KP, KS, PT","No Turf","1.0","No Turf_1","5.0","M",NA,NA,NA
2018-10-04,"KP, KS, PT","No Turf","1.0","No Turf_1","6.0","M",NA,NA,NA
2018-10-04,"KP, KS, PT","No Turf","1.0","No Turf_1","7.0","M",NA,NA,NA
2018-10-04,"KP, KS, PT","No Turf","1.0","No Turf_1","8.0","M",NA,NA,NA
2018-10-04,"KP, KS, PT","No Turf","1.0","No Turf_1","9.0","M",NA,NA,NA
2018-10-04,"KP, KS, PT","No Turf","1.0","No Turf_1","10.0","M",NA,NA,NA
2018-10-04,"KP, KS, PT","No Turf","1.0","No Turf_1","11.0","M",NA,NA,NA
2018-10-04,"KP, KS, PT","No Turf","1.0","No Turf_1","12.0","M",NA,NA,NA
2018-10-04,"KP, KS, PT","No Turf","1.0","No Turf_1","13.0","M",NA,NA,NA
2018-10-04,"KP, KS, PT","No Turf","1.0","No Turf_1","14.0","M",NA,NA,NA
2018-10-04,"KP, KS, PT","No Turf","1.0","No Turf_1","15.0","M",NA,NA,NA
2018-10-04,"KP, KS, PT","No Turf","1.0","No Turf_1","16.0","M",NA,NA,NA
2018-10-04,"KP, KS, PT","No Turf","1.0","No Turf_1","17.0","EUPSPP","euphorbia species",NA,NA
2018-10-04,"KP, KS, PT","No Turf","1.0","No Turf_1","17.0","M",NA,NA,NA
2018-10-04,"KP, KS, PT","No Turf","1.0","No Turf_1","18.0","M",NA,NA,NA
2018-10-04,"KP, KS, PT","No Turf","1.0","No Turf_1","19.0","M",NA,NA,NA
2018-10-04,"KP, KS, PT","No Turf","1.0","No Turf_1","20.0","M",NA,NA,NA
2018-10-04,"KP, KS, PT","No Turf","1.0","No Turf_1","21.0","M",NA,NA,NA
2018-10-04,"KP, KS, PT","No Turf","1.0","No Turf_1","22.0","M",NA,NA,NA
2018-10-04,"KP, KS, PT","No Turf","1.0","No Turf_1","23.0","M",NA,NA,NA
2018-10-04,"KP, KS, PT","No Turf","1.0","No Turf_1","24.0","M",NA,NA,NA
2018-10-04,"KP, KS, PT","No Turf","1.0","No Turf_1","25.0","M",NA,NA,NA
2018-10-04,"KP, KS, PT","No Turf","1.0","No Turf_1","26.0","M",NA,NA,NA
2018-10-04,"KP, KS, PT","No Turf","1.0","No Turf_1","27.0","M",NA,NA,NA
2018-10-04,"KP, KS, PT","No Turf","1.0","No Turf_1","28.0","M",NA,NA,NA
2018-10-04,"KP, KS, PT","No Turf","1.0","No Turf_1","29.0","M",NA,NA,NA
2018-10-04,"KP, KS, PT","No Turf","1.0","No Turf_1","30.0","M",NA,NA,NA
2018-10-04,"KP, KS, PT","No Turf","1.0","No Turf_1","31.0","M",NA,NA,NA
2018-10-04,"KP, KS, PT","No Turf","1.0","No Turf_1","32.0","M",NA,NA,NA
2018-10-04,"KP, KS, PT","No Turf","1.0","No Turf_1","33.0","M",NA,NA,NA
2018-10-04,"KP, KS, PT","No Turf","1.0","No Turf_1","34.0","M",NA,NA,NA
2018-10-04,"KP, KS, PT","No Turf","1.0","No Turf_1","35.0","M",NA,NA,NA
2018-10-04,"KP, KS, PT","No Turf","1.0","No Turf_1","36.0","M",NA,NA,NA
2018-10-04,"KP, KS, PT","No Turf","1.0","No Turf_1","37.0","M",NA,NA,NA
2018-10-04,"KP, KS, PT","No Turf","1.0","No Turf_1","38.0","M",NA,NA,NA
2018-10-04,"KP, KS, PT","No Turf","1.0","No Turf_1","39.0","M",NA,NA,NA
2018-10-04,"KP, KS, PT","No Turf","1.0","No Turf_1","40.0","M",NA,NA,NA
2018-10-04,"KP, KS, PT","No Turf","1.0","No Turf_1","41.0","M",NA,NA,NA
2018-10-04,"KP, KS, PT","No Turf","1.0","No Turf_1","42.0","M",NA,NA,NA
2018-10-04,"LC, AG, PT","Turf","1.0","Turf_1","0.0","M",NA,NA,NA
2018-10-04,"LC, AG, PT","Turf","1.0","Turf_1","1.0","M",NA,NA,NA
2018-10-04,"LC, AG, PT","Turf","1.0","Turf_1","2.0","M",NA,NA,NA
2018-10-04,"LC, AG, PT","Turf","1.0","Turf_1","3.0","M",NA,NA,NA
2018-10-04,"LC, AG, PT","Turf","1.0","Turf_1","4.0","M",NA,NA,NA
2018-10-04,"LC, AG, PT","Turf","1.0","Turf_1","5.0","PERATR",NA,NA,NA
2018-10-04,"LC, AG, PT","Turf","1.0","Turf_1","5.0","M",NA,NA,NA
2018-10-04,"LC, AG, PT","Turf","1.0","Turf_1","6.0","M",NA,NA,NA
2018-10-04,"LC, AG, PT","Turf","1.0","Turf_1","7.0","M",NA,NA,NA
2018-10-04,"LC, AG, PT","Turf","1.0","Turf_1","8.0","M",NA,NA,NA
2018-10-04,"LC, AG, PT","Turf","1.0","Turf_1","9.0","M",NA,NA,NA
2018-10-04,"LC, AG, PT","Turf","1.0","Turf_1","10.0","M",NA,NA,NA
2018-10-04,"LC, AG, PT","Turf","1.0","Turf_1","11.0","M",NA,NA,NA
2018-10-04,"LC, AG, PT","Turf","1.0","Turf_1","12.0","M",NA,NA,NA
2018-10-04,"LC, AG, PT","Turf","1.0","Turf_1","13.0","M",NA,NA,NA
2018-10-04,"LC, AG, PT","Turf","1.0","Turf_1","14.0","M",NA,NA,NA
2018-10-04,"LC, AG, PT","Turf","1.0","Turf_1","15.0","M",NA,NA,NA
2018-10-04,"LC, AG, PT","Turf","1.0","Turf_1","16.0","M",NA,NA,NA
2018-10-04,"LC, AG, PT","Turf","1.0","Turf_1","17.0","M",NA,NA,NA
2018-10-04,"LC, AG, PT","Turf","1.0","Turf_1","18.0","M",NA,NA,NA
2018-10-04,"LC, AG, PT","Turf","1.0","Turf_1","19.0","M",NA,NA,NA
2018-10-04,"LC, AG, PT","Turf","1.0","Turf_1","20.0","M",NA,NA,NA
2018-10-04,"LC, AG, PT","Turf","1.0","Turf_1","21.0","M",NA,NA,NA
2018-10-04,"LC, AG, PT","Turf","1.0","Turf_1","22.0","M",NA,NA,NA
2018-10-04,"LC, AG, PT","Turf","1.0","Turf_1","23.0","M",NA,NA,NA
2018-10-04,"LC, AG, PT","Turf","1.0","Turf_1","24.0","M",NA,NA,NA
2018-10-04,"LC, AG, PT","Turf","1.0","Turf_1","25.0","ENCCAL",NA,NA,NA
2018-10-04,"LC, AG, PT","Turf","1.0","Turf_1","25.0","M",NA,NA,NA
2018-10-04,"LC, AG, PT","Turf","1.0","Turf_1","26.0","M",NA,NA,NA
2018-10-04,"LC, AG, PT","Turf","1.0","Turf_1","27.0","M",NA,NA,NA
2018-10-04,"LC, AG, PT","Turf","1.0","Turf_1","28.0","M",NA,NA,NA
2018-10-04,"LC, AG, PT","Turf","1.0","Turf_1","29.0","M",NA,NA,NA
2018-10-04,"LC, AG, PT","Turf","1.0","Turf_1","30.0","M",NA,NA,NA
2018-10-04,"LC, AG, PT","Turf","1.0","Turf_1","31.0","CYNDAC",NA,NA,NA
2018-10-04,"LC, AG, PT","Turf","1.0","Turf_1","31.0","M",NA,NA,NA
2018-10-04,"LC, AG, PT","Turf","1.0","Turf_1","32.0","M",NA,NA,NA
2018-10-04,"LC, AG, PT","Turf","1.0","Turf_1","33.0","M",NA,NA,NA
2018-10-04,"LC, AG, PT","Turf","1.0","Turf_1","34.0","M",NA,NA,NA
2018-10-04,"LC, AG, PT","Turf","1.0","Turf_1","35.0","M",NA,NA,NA
2018-10-04,"LC, AG, PT","Turf","1.0","Turf_1","36.0","M",NA,NA,NA
2018-10-04,"LC, AG, PT","Turf","1.0","Turf_1","37.0","M",NA,NA,NA
2018-10-04,"LC, AG, PT","Turf","1.0","Turf_1","38.0","M",NA,NA,NA
2018-10-04,"LC, AG, PT","Turf","1.0","Turf_1","39.0","M",NA,NA,NA
2018-10-04,"LC, AG, PT","Turf","1.0","Turf_1","40.0","M",NA,NA,NA
2018-10-04,"LC, AG, PT","Turf","1.0","Turf_1","41.0","M",NA,NA,NA
2018-10-04,"LC, AG, PT","Turf","1.0","Turf_1","42.0","CISPUR",NA,NA,NA
2018-10-04,"LC, AG, PT","Turf","1.0","Turf_1","42.0","M",NA,NA,NA
2018-10-04,"LC, AG, PT","Turf","1.0","Turf_1","43.0","M",NA,NA,NA
2018-10-04,"LC, AG, PT","Turf","1.0","Turf_1","44.0","M",NA,NA,NA
2018-10-04,"LC, AG, PT","Turf","1.0","Turf_1","45.0","M",NA,NA,NA
2018-10-04,"LC, AG, PT","Turf","1.0","Turf_1","46.0","CYNDAC",NA,NA,NA
2018-10-04,"LC, AG, PT","Turf","1.0","Turf_1","46.0","M",NA,NA,NA
2018-10-04,"LC, AG, PT","Turf","1.0","Turf_1","47.0","M",NA,NA,NA
2018-10-04,"LC, AG, PT","Turf","1.0","Turf_1","48.0","M",NA,NA,NA
2018-10-04,"LC, AG, PT","Turf","1.0","Turf_1","49.0","M",NA,NA,NA
2018-10-04,"LC, AG, PT","Turf","1.0","Turf_1","50.0","M",NA,NA,NA
2018-10-04,"LC, AG, PT","Turf","1.0","Turf_1","51.0","M",NA,NA,NA
2018-10-04,"LC, AG, PT","Turf","1.0","Turf_1","52.0","RHAIND",NA,NA,NA
2018-10-04,"LC, AG, PT","Turf","1.0","Turf_1","52.0","M",NA,NA,NA
2018-10-04,"LC, AG, PT","Turf","1.0","Turf_1","53.0","M",NA,NA,NA
2018-10-04,"KP, KS, PT","No Turf","2.0","No Turf_2","0.0","M",NA,NA,NA
2018-10-04,"KP, KS, PT","No Turf","2.0","No Turf_2","1.0","M",NA,NA,NA
2018-10-04,"KP, KS, PT","No Turf","2.0","No Turf_2","2.0","M",NA,NA,NA
2018-10-04,"KP, KS, PT","No Turf","2.0","No Turf_2","3.0","M",NA,NA,NA
2018-10-04,"KP, KS, PT","No Turf","2.0","No Turf_2","4.0","M",NA,NA,NA
2018-10-04,"KP, KS, PT","No Turf","2.0","No Turf_2","5.0","M",NA,NA,NA
2018-10-04,"KP, KS, PT","No Turf","2.0","No Turf_2","6.0","M",NA,NA,NA
2018-10-04,"KP, KS, PT","No Turf","2.0","No Turf_2","7.0","M",NA,NA,NA
2018-10-04,"KP, KS, PT","No Turf","2.0","No Turf_2","8.0","M",NA,NA,NA
2018-10-04,"KP, KS, PT","No Turf","2.0","No Turf_2","9.0","M",NA,NA,NA
2018-10-04,"KP, KS, PT","No Turf","2.0","No Turf_2","10.0","M",NA,NA,NA
2018-10-04,"KP, KS, PT","No Turf","2.0","No Turf_2","11.0","B",NA,NA,NA
2018-10-04,"KP, KS, PT","No Turf","2.0","No Turf_2","12.0","M",NA,NA,NA
2018-10-04,"KP, KS, PT","No Turf","2.0","No Turf_2","13.0","M",NA,NA,NA
2018-10-04,"KP, KS, PT","No Turf","2.0","No Turf_2","14.0","M",NA,NA,NA
2018-10-04,"KP, KS, PT","No Turf","2.0","No Turf_2","15.0","M",NA,NA,NA
2018-10-04,"KP, KS, PT","No Turf","2.0","No Turf_2","16.0","M",NA,NA,NA
2018-10-04,"KP, KS, PT","No Turf","2.0","No Turf_2","17.0","M",NA,NA,NA
2018-10-04,"KP, KS, PT","No Turf","2.0","No Turf_2","18.0","M",NA,NA,NA
2018-10-04,"KP, KS, PT","No Turf","2.0","No Turf_2","19.0","M",NA,NA,NA
2018-10-04,"KP, KS, PT","No Turf","2.0","No Turf_2","20.0","M",NA,NA,NA
2018-10-04,"KP, KS, PT","No Turf","2.0","No Turf_2","21.0","M",NA,NA,NA
2018-10-04,"KP, KS, PT","No Turf","2.0","No Turf_2","22.0","M",NA,NA,NA
2018-10-04,"KP, KS, PT","No Turf","2.0","No Turf_2","23.0","M",NA,NA,NA
2018-10-04,"KP, KS, PT","No Turf","2.0","No Turf_2","24.0","M",NA,NA,NA
2018-10-04,"KP, KS, PT","No Turf","2.0","No Turf_2","25.0","M",NA,NA,NA
2018-10-04,"KP, KS, PT","No Turf","2.0","No Turf_2","26.0","M",NA,NA,NA
2018-10-04,"KP, KS, PT","No Turf","2.0","No Turf_2","27.0","M",NA,NA,NA
2018-10-04,"KP, KS, PT","No Turf","2.0","No Turf_2","28.0","M",NA,NA,NA
2018-10-04,"KP, KS, PT","No Turf","2.0","No Turf_2","29.0","M",NA,NA,NA
2018-10-04,"KP, KS, PT","No Turf","2.0","No Turf_2","30.0","M",NA,NA,NA
2018-10-04,"KP, KS, PT","No Turf","2.0","No Turf_2","31.0","M",NA,NA,NA
2018-10-04,"KP, KS, PT","No Turf","2.0","No Turf_2","32.0","M",NA,NA,NA
2018-10-04,"KP, KS, PT","No Turf","2.0","No Turf_2","33.0","M",NA,NA,NA
2018-10-04,"KP, KS, PT","No Turf","2.0","No Turf_2","34.0","M",NA,NA,NA
2018-10-04,"KP, KS, PT","No Turf","2.0","No Turf_2","35.0","M",NA,NA,NA
2018-10-04,"KP, KS, PT","No Turf","2.0","No Turf_2","36.0","M",NA,NA,NA
2018-10-04,"KP, KS, PT","No Turf","2.0","No Turf_2","37.0","M",NA,NA,NA
2018-10-04,"KP, KS, PT","No Turf","2.0","No Turf_2","38.0","M",NA,NA,NA
2018-10-04,"KP, KS, PT","No Turf","2.0","No Turf_2","39.0","M",NA,NA,NA
2018-10-04,"KP, KS, PT","No Turf","2.0","No Turf_2","40.0","M",NA,NA,NA
2018-10-04,"KP, KS, PT","No Turf","2.0","No Turf_2","41.0","M",NA,NA,NA
2018-10-04,"KP, KS, PT","No Turf","2.0","No Turf_2","42.0","M",NA,NA,NA
2018-10-04,"KP, KS, PT","No Turf","2.0","No Turf_2","43.0","ELAPUN",NA,NA,NA
2018-10-04,"KP, KS, PT","No Turf","2.0","No Turf_2","43.0","B",NA,NA,NA
2018-10-04,"AG, PT","Turf","2.0","Turf_2","0.0","M",NA,NA,NA
2018-10-04,"AG, PT","Turf","2.0","Turf_2","1.0","M",NA,NA,NA
2018-10-04,"AG, PT","Turf","2.0","Turf_2","2.0","M",NA,NA,NA
2018-10-04,"AG, PT","Turf","2.0","Turf_2","3.0","ELAPUN",NA,NA,NA
2018-10-04,"AG, PT","Turf","2.0","Turf_2","3.0","M",NA,NA,NA
2018-10-04,"AG, PT","Turf","2.0","Turf_2","4.0","M",NA,NA,NA
2018-10-04,"AG, PT","Turf","2.0","Turf_2","5.0","M",NA,NA,NA
2018-10-04,"AG, PT","Turf","2.0","Turf_2","6.0","ELAPUN",NA,NA,NA
2018-10-04,"AG, PT","Turf","2.0","Turf_2","7.0","M",NA,NA,NA
2018-10-04,"AG, PT","Turf","2.0","Turf_2","8.0","ELAPUN",NA,NA,NA
2018-10-04,"AG, PT","Turf","2.0","Turf_2","8.0","M",NA,NA,NA
2018-10-04,"AG, PT","Turf","2.0","Turf_2","9.0","M",NA,NA,NA
2018-10-04,"AG, PT","Turf","2.0","Turf_2","10.0","ELAPUN",NA,NA,NA
2018-10-04,"AG, PT","Turf","2.0","Turf_2","10.0","M",NA,NA,NA
2018-10-04,"AG, PT","Turf","2.0","Turf_2","11.0","M",NA,NA,NA
2018-10-04,"AG, PT","Turf","2.0","Turf_2","12.0","M",NA,NA,NA
2018-10-04,"AG, PT","Turf","2.0","Turf_2","13.0","M",NA,NA,NA
2018-10-04,"AG, PT","Turf","2.0","Turf_2","14.0","ELAPUN",NA,NA,NA
2018-10-04,"AG, PT","Turf","2.0","Turf_2","14.0","M",NA,NA,NA
2018-10-04,"AG, PT","Turf","2.0","Turf_2","15.0","M",NA,NA,NA
2018-10-04,"AG, PT","Turf","2.0","Turf_2","16.0","ELAPUN",NA,NA,NA
2018-10-04,"AG, PT","Turf","2.0","Turf_2","16.0","M",NA,NA,NA
2018-10-04,"AG, PT","Turf","2.0","Turf_2","17.0","M",NA,NA,NA
2018-10-04,"AG, PT","Turf","2.0","Turf_2","18.0","M",NA,NA,NA
2018-10-04,"AG, PT","Turf","2.0","Turf_2","19.0","ELAPUN",NA,NA,NA
2018-10-04,"AG, PT","Turf","2.0","Turf_2","19.0","M",NA,NA,NA
2018-10-04,"AG, PT","Turf","2.0","Turf_2","20.0","ELAPUN",NA,NA,NA
2018-10-04,"AG, PT","Turf","2.0","Turf_2","20.0","M",NA,NA,NA
2018-10-04,"AG, PT","Turf","2.0","Turf_2","21.0","M",NA,NA,NA
2018-10-04,"AG, PT","Turf","2.0","Turf_2","22.0","RO",NA,NA,NA
2018-10-04,"AG, PT","Turf","2.0","Turf_2","23.0","M",NA,NA,NA
2018-10-04,"AG, PT","Turf","2.0","Turf_2","24.0","M",NA,NA,NA
2018-10-04,"AG, PT","Turf","2.0","Turf_2","25.0","M",NA,NA,NA
2018-10-04,"AG, PT","Turf","2.0","Turf_2","26.0","M",NA,NA,NA
2018-10-04,"AG, PT","Turf","2.0","Turf_2","27.0","M",NA,NA,NA
2018-10-04,"AG, PT","Turf","2.0","Turf_2","28.0","M",NA,NA,NA
2018-10-04,"AG, PT","Turf","2.0","Turf_2","29.0","M",NA,NA,NA
2018-10-04,"AG, PT","Turf","2.0","Turf_2","30.0","M",NA,NA,NA
2018-10-04,"AG, PT","Turf","2.0","Turf_2","31.0","M",NA,NA,NA
2018-10-04,"AG, PT","Turf","2.0","Turf_2","32.0","M",NA,NA,NA
2018-10-04,"AG, PT","Turf","2.0","Turf_2","33.0","M",NA,NA,NA
2018-10-04,"AG, PT","Turf","2.0","Turf_2","34.0","M",NA,NA,NA
2018-10-04,"AG, PT","Turf","2.0","Turf_2","35.0","M",NA,NA,NA
2018-10-04,"AG, PT","Turf","2.0","Turf_2","36.0","M",NA,NA,NA
2018-10-04,"AG, PT","Turf","2.0","Turf_2","37.0","M",NA,NA,NA
2018-10-04,"AG, PT","Turf","2.0","Turf_2","38.0","M",NA,NA,NA
2018-10-04,"AG, PT","Turf","2.0","Turf_2","39.0","M",NA,NA,NA
2018-10-04,"AG, PT","Turf","2.0","Turf_2","40.0","M",NA,NA,NA
2018-10-04,"AG, PT","Turf","2.0","Turf_2","41.0","PENSPA",NA,NA,NA
2018-10-04,"AG, PT","Turf","2.0","Turf_2","41.0","M",NA,NA,NA
2018-10-04,"AG, PT","Turf","2.0","Turf_2","42.0","PENSPA",NA,NA,NA
2018-10-04,"AG, PT","Turf","2.0","Turf_2","42.0","M",NA,NA,NA
2018-10-04,"AG, PT","Turf","2.0","Turf_2","43.0","M",NA,NA,NA
2018-10-04,"AG, PT","Turf","2.0","Turf_2","44.0","PENSPA",NA,NA,NA
2018-10-04,"AG, PT","Turf","2.0","Turf_2","44.0","M",NA,NA,NA
2018-10-04,"AG, PT","Turf","2.0","Turf_2","45.0","M",NA,NA,NA
2018-10-04,"AG, PT","Turf","2.0","Turf_2","46.0","M",NA,NA,NA
2018-10-04,"AG, PT","Turf","2.0","Turf_2","47.0","M",NA,NA,NA
2018-10-04,"AG, PT","Turf","2.0","Turf_2","48.0","M",NA,NA,NA
2018-10-04,"AG, PT","Turf","2.0","Turf_2","49.0","M",NA,NA,NA
2018-10-04,"AG, PT","Turf","2.0","Turf_2","50.0","M",NA,NA,NA
2018-10-04,"AG, PT","Turf","2.0","Turf_2","51.0","M",NA,NA,NA
2018-10-04,"AG, PT","Turf","2.0","Turf_2","52.0","M",NA,NA,NA
2018-10-04,"AG, PT","Turf","2.0","Turf_2","53.0","ACHTOM",NA,NA,NA
2018-10-04,"AG, PT","Turf","2.0","Turf_2","53.0","M",NA,NA,NA
2018-10-04,"AG, PT","Turf","2.0","Turf_2","54.0","M",NA,NA,NA
2018-10-04,"AG, PT","Turf","2.0","Turf_2","55.0","M",NA,NA,NA
2018-10-04,"AG, PT","Turf","2.0","Turf_2","56.0","M",NA,NA,NA
NA,NA,NA,NA,"_",NA,NA,NA,NA,NA
NA,NA,NA,NA,"_",NA,NA,NA,NA,NA
NA,NA,NA,NA,"_",NA,NA,NA,NA,NA
NA,NA,NA,NA,"_",NA,NA,NA,NA,NA
NA,NA,NA,NA,"_",NA,NA,NA,NA,NA
NA,NA,NA,NA,"_",NA,NA,NA,NA,NA
NA,NA,NA,NA,"_",NA,NA,NA,NA,NA
NA,NA,NA,NA,"_",NA,NA,NA,NA,NA
NA,NA,NA,NA,"_",NA,NA,NA,NA,NA
NA,NA,NA,NA,"_",NA,NA,NA,NA,NA
NA,NA,NA,NA,"_",NA,NA,NA,NA,NA
NA,NA,NA,NA,"_",NA,NA,NA,NA,NA
NA,NA,NA,NA,"_",NA,NA,NA,NA,NA
NA,NA,NA,NA,"_",NA,NA,NA,NA,NA
NA,NA,NA,NA,"_",NA,NA,NA,NA,NA
NA,NA,NA,NA,"_",NA,NA,NA,NA,NA
NA,NA,NA,NA,"_",NA,NA,NA,NA,NA
NA,NA,NA,NA,"_",NA,NA,NA,NA,NA
NA,NA,NA,NA,"_",NA,NA,NA,NA,NA
NA,NA,NA,NA,"_",NA,NA,NA,NA,NA
NA,NA,NA,NA,"_",NA,NA,NA,NA,NA
NA,NA,NA,NA,"_",NA,NA,NA,NA,NA
NA,NA,NA,NA,"_",NA,NA,NA,NA,NA
NA,NA,NA,NA,"_",NA,NA,NA,NA,NA
NA,NA,NA,NA,"_",NA,NA,NA,NA,NA
NA,NA,NA,NA,"_",NA,NA,NA,NA,NA
NA,NA,NA,NA,"_",NA,NA,NA,NA,NA
NA,NA,NA,NA,"_",NA,NA,NA,NA,NA
NA,NA,NA,NA,"_",NA,NA,NA,NA,NA
NA,NA,NA,NA,"_",NA,NA,NA,NA,NA
NA,NA,NA,NA,"_",NA,NA,NA,NA,NA
NA,NA,NA,NA,"_",NA,NA,NA,NA,NA
NA,NA,NA,NA,"_",NA,NA,NA,NA,NA
NA,NA,NA,NA,"_",NA,NA,NA,NA,NA
NA,NA,NA,NA,"_",NA,NA,NA,NA,NA
NA,NA,NA,NA,"_",NA,NA,NA,NA,NA
NA,NA,NA,NA,"_",NA,NA,NA,NA,NA
NA,NA,NA,NA,"_",NA,NA,NA,NA,NA
NA,NA,NA,NA,"_",NA,NA,NA,NA,NA
NA,NA,NA,NA,"_",NA,NA,NA,NA,NA
NA,NA,NA,NA,"_",NA,NA,NA,NA,NA
NA,NA,NA,NA,"_",NA,NA,NA,NA,NA
NA,NA,NA,NA,"_",NA,NA,NA,NA,NA
NA,NA,NA,NA,"_",NA,NA,NA,NA,NA
NA,NA,NA,NA,"_",NA,NA,NA,NA,NA
NA,NA,NA,NA,"_",NA,NA,NA,NA,NA
NA,NA,NA,NA,"_",NA,NA,NA,NA,NA
NA,NA,NA,NA,"_",NA,NA,NA,NA,NA
NA,NA,NA,NA,"_",NA,NA,NA,NA,NA
NA,NA,NA,NA,"_",NA,NA,NA,NA,NA
NA,NA,NA,NA,"_",NA,NA,NA,NA,NA
NA,NA,NA,NA,"_",NA,NA,NA,NA,NA
NA,NA,NA,NA,"_",NA,NA,NA,NA,NA
NA,NA,NA,NA,"_",NA,NA,NA,NA,NA
NA,NA,NA,NA,"_",NA,NA,NA,NA,NA
NA,NA,NA,NA,"_",NA,NA,NA,NA,NA
NA,NA,NA,NA,"_",NA,NA,NA,NA,NA
NA,NA,NA,NA,"_",NA,NA,NA,NA,NA
NA,NA,NA,NA,"_",NA,NA,NA,NA,NA
NA,NA,NA,NA,"_",NA,NA,NA,NA,NA
NA,NA,NA,NA,"_",NA,NA,NA,NA,NA
NA,NA,NA,NA,"_",NA,NA,NA,NA,NA
NA,NA,NA,NA,"_",NA,NA,NA,NA,NA
NA,NA,NA,NA,"_",NA,NA,NA,NA,NA
NA,NA,NA,NA,"_",NA,NA,NA,NA,NA
NA,NA,NA,NA,"_",NA,NA,NA,NA,NA
NA,NA,NA,NA,"_",NA,NA,NA,NA,NA
NA,NA,NA,NA,"_",NA,NA,NA,NA,NA
NA,NA,NA,NA,"_",NA,NA,NA,NA,NA
NA,NA,NA,NA,"_",NA,NA,NA,NA,NA
NA,NA,NA,NA,"_",NA,NA,NA,NA,NA
NA,NA,NA,NA,"_",NA,NA,NA,NA,NA
NA,NA,NA,NA,"_",NA,NA,NA,NA,NA
NA,NA,NA,NA,"_",NA,NA,NA,NA,NA
NA,NA,NA,NA,"_",NA,NA,NA,NA,NA
NA,NA,NA,NA,"_",NA,NA,NA,NA,NA
NA,NA,NA,NA,"_",NA,NA,NA,NA,NA
NA,NA,NA,NA,"_",NA,NA,NA,NA,NA
NA,NA,NA,NA,"_",NA,NA,NA,NA,NA
NA,NA,NA,NA,"_",NA,NA,NA,NA,NA
NA,NA,NA,NA,"_",NA,NA,NA,NA,NA
NA,NA,NA,NA,"_",NA,NA,NA,NA,NA
NA,NA,NA,NA,"_",NA,NA,NA,NA,NA
NA,NA,NA,NA,"_",NA,NA,NA,NA,NA
NA,NA,NA,NA,"_",NA,NA,NA,NA,NA
NA,NA,NA,NA,"_",NA,NA,NA,NA,NA
NA,NA,NA,NA,"_",NA,NA,NA,NA,NA
NA,NA,NA,NA,"_",NA,NA,NA,NA,NA
NA,NA,NA,NA,"_",NA,NA,NA,NA,NA
NA,NA,NA,NA,"_",NA,NA,NA,NA,NA
NA,NA,NA,NA,"_",NA,NA,NA,NA,NA
NA,NA,NA,NA,"_",NA,NA,NA,NA,NA
NA,NA,NA,NA,"_",NA,NA,NA,NA,NA
NA,NA,NA,NA,"_",NA,NA,NA,NA,NA
NA,NA,NA,NA,"_",NA,NA,NA,NA,NA
NA,NA,NA,NA,"_",NA,NA,NA,NA,NA
NA,NA,NA,NA,"_",NA,NA,NA,NA,NA
NA,NA,NA,NA,"_",NA,NA,NA,NA,NA
NA,NA,NA,NA,"_",NA,NA,NA,NA,NA
NA,NA,NA,NA,"_",NA,NA,NA,NA,NA
NA,NA,NA,NA,"_",NA,NA,NA,NA,NA
NA,NA,NA,NA,"_",NA,NA,NA,NA,NA
NA,NA,NA,NA,"_",NA,NA,NA,NA,NA
NA,NA,NA,NA,"_",NA,NA,NA,NA,NA
NA,NA,NA,NA,"_",NA,NA,NA,NA,NA
NA,NA,NA,NA,"_",NA,NA,NA,NA,NA
NA,NA,NA,NA,"_",NA,NA,NA,NA,NA
NA,NA,NA,NA,"_",NA,NA,NA,NA,NA
NA,NA,NA,NA,"_",NA,NA,NA,NA,NA
NA,NA,NA,NA,"_",NA,NA,NA,NA,NA
NA,NA,NA,NA,"_",NA,NA,NA,NA,NA
NA,NA,NA,NA,"_",NA,NA,NA,NA,NA
NA,NA,NA,NA,"_",NA,NA,NA,NA,NA
NA,NA,NA,NA,"_",NA,NA,NA,NA,NA
NA,NA,NA,NA,"_",NA,NA,NA,NA,NA
NA,NA,NA,NA,"_",NA,NA,NA,NA,NA
NA,NA,NA,NA,"_",NA,NA,NA,NA,NA
NA,NA,NA,NA,"_",NA,NA,NA,NA,NA
NA,NA,NA,NA,"_",NA,NA,NA,NA,NA
NA,NA,NA,NA,"_",NA,NA,NA,NA,NA
NA,NA,NA,NA,"_",NA,NA,NA,NA,NA
NA,NA,NA,NA,"_",NA,NA,NA,NA,NA
NA,NA,NA,NA,"_",NA,NA,NA,NA,NA
NA,NA,NA,NA,"_",NA,NA,NA,NA,NA
NA,NA,NA,NA,"_",NA,NA,NA,NA,NA
NA,NA,NA,NA,"_",NA,NA,NA,NA,NA
NA,NA,NA,NA,"_",NA,NA,NA,NA,NA
NA,NA,NA,NA,"_",NA,NA,NA,NA,NA
NA,NA,NA,NA,"_",NA,NA,NA,NA,NA
NA,NA,NA,NA,"_",NA,NA,NA,NA,NA
NA,NA,NA,NA,"_",NA,NA,NA,NA,NA
NA,NA,NA,NA,"_",NA,NA,NA,NA,NA
NA,NA,NA,NA,"_",NA,NA,NA,NA,NA
NA,NA,NA,NA,"_",NA,NA,NA,NA,NA
NA,NA,NA,NA,"_",NA,NA,NA,NA,NA
NA,NA,NA,NA,"_",NA,NA,NA,NA,NA
NA,NA,NA,NA,"_",NA,NA,NA,NA,NA
NA,NA,NA,NA,"_",NA,NA,NA,NA,NA
NA,NA,NA,NA,"_",NA,NA,NA,NA,NA
NA,NA,NA,NA,"_",NA,NA,NA,NA,NA
NA,NA,NA,NA,"_",NA,NA,NA,NA,NA
NA,NA,NA,NA,"_",NA,NA,NA,NA,NA
NA,NA,NA,NA,"_",NA,NA,NA,NA,NA
NA,NA,NA,NA,"_",NA,NA,NA,NA,NA
NA,NA,NA,NA,"_",NA,NA,NA,NA,NA
NA,NA,NA,NA,"_",NA,NA,NA,NA,NA
NA,NA,NA,NA,"_",NA,NA,NA,NA,NA
NA,NA,NA,NA,"_",NA,NA,NA,NA,NA
NA,NA,NA,NA,"_",NA,NA,NA,NA,NA
NA,NA,NA,NA,"_",NA,NA,NA,NA,NA
NA,NA,NA,NA,"_",NA,NA,NA,NA,NA
NA,NA,NA,NA,"_",NA,NA,NA,NA,NA
NA,NA,NA,NA,"_",NA,NA,NA,NA,NA
NA,NA,NA,NA,"_",NA,NA,NA,NA,NA
NA,NA,NA,NA,"_",NA,NA,NA,NA,NA
NA,NA,NA,NA,"_",NA,NA,NA,NA,NA
NA,NA,NA,NA,"_",NA,NA,NA,NA,NA
NA,NA,NA,NA,"_",NA,NA,NA,NA,NA
NA,NA,NA,NA,"_",NA,NA,NA,NA,NA
NA,NA,NA,NA,"_",NA,NA,NA,NA,NA
NA,NA,NA,NA,"_",NA,NA,NA,NA,NA
NA,NA,NA,NA,"_",NA,NA,NA,NA,NA
NA,NA,NA,NA,"_",NA,NA,NA,NA,NA
NA,NA,NA,NA,"_",NA,NA,NA,NA,NA
NA,NA,NA,NA,"_",NA,NA,NA,NA,NA
NA,NA,NA,NA,"_",NA,NA,NA,NA,NA
NA,NA,NA,NA,"_",NA,NA,NA,NA,NA
NA,NA,NA,NA,"_",NA,NA,NA,NA,NA
NA,NA,NA,NA,"_",NA,NA,NA,NA,NA
NA,NA,NA,NA,"_",NA,NA,NA,NA,NA
NA,NA,NA,NA,"_",NA,NA,NA,NA,NA
NA,NA,NA,NA,"_",NA,NA,NA,NA,NA
NA,NA,NA,NA,"_",NA,NA,NA,NA,NA
NA,NA,NA,NA,"_",NA,NA,NA,NA,NA
NA,NA,NA,NA,"_",NA,NA,NA,NA,NA
NA,NA,NA,NA,"_",NA,NA,NA,NA,NA
NA,NA,NA,NA,"_",NA,NA,NA,NA,NA
NA,NA,NA,NA,"_",NA,NA,NA,NA,NA
NA,NA,NA,NA,"_",NA,NA,NA,NA,NA
NA,NA,NA,NA,"_",NA,NA,NA,NA,NA
NA,NA,NA,NA,"_",NA,NA,NA,NA,NA
NA,NA,NA,NA,"_",NA,NA,NA,NA,NA
NA,NA,NA,NA,"_",NA,NA,NA,NA,NA
NA,NA,NA,NA,"_",NA,NA,NA,NA,NA
NA,NA,NA,NA,"_",NA,NA,NA,NA,NA
NA,NA,NA,NA,"_",NA,NA,NA,NA,NA
NA,NA,NA,NA,"_",NA,NA,NA,NA,NA
NA,NA,NA,NA,"_",NA,NA,NA,NA,NA
NA,NA,NA,NA,"_",NA,NA,NA,NA,NA
NA,NA,NA,NA,"_",NA,NA,NA,NA,NA
NA,NA,NA,NA,"_",NA,NA,NA,NA,NA
NA,NA,NA,NA,"_",NA,NA,NA,NA,NA
NA,NA,NA,NA,"_",NA,NA,NA,NA,NA
NA,NA,NA,NA,"_",NA,NA,NA,NA,NA
NA,NA,NA,NA,"_",NA,NA,NA,NA,NA
NA,NA,NA,NA,"_",NA,NA,NA,NA,NA
NA,NA,NA,NA,"_",NA,NA,NA,NA,NA
NA,NA,NA,NA,"_",NA,NA,NA,NA,NA
NA,NA,NA,NA,"_",NA,NA,NA,NA,NA
NA,NA,NA,NA,"_",NA,NA,NA,NA,NA
NA,NA,NA,NA,"_",NA,NA,NA,NA,NA
NA,NA,NA,NA,"_",NA,NA,NA,NA,NA
NA,NA,NA,NA,"_",NA,NA,NA,NA,NA
NA,NA,NA,NA,"_",NA,NA,NA,NA,NA
NA,NA,NA,NA,"_",NA,NA,NA,NA,NA
NA,NA,NA,NA,"_",NA,NA,NA,NA,NA
NA,NA,NA,NA,"_",NA,NA,NA,NA,NA
NA,NA,NA,NA,"_",NA,NA,NA,NA,NA
NA,NA,NA,NA,"_",NA,NA,NA,NA,NA
NA,NA,NA,NA,"_",NA,NA,NA,NA,NA
NA,NA,NA,NA,"_",NA,NA,NA,NA,NA
NA,NA,NA,NA,"_",NA,NA,NA,NA,NA
NA,NA,NA,NA,"_",NA,NA,NA,NA,NA
NA,NA,NA,NA,"_",NA,NA,NA,NA,NA
NA,NA,NA,NA,"_",NA,NA,NA,NA,NA
NA,NA,NA,NA,"_",NA,NA,NA,NA,NA
NA,NA,NA,NA,"_",NA,NA,NA,NA,NA
NA,NA,NA,NA,"_",NA,NA,NA,NA,NA
NA,NA,NA,NA,"_",NA,NA,NA,NA,NA
NA,NA,NA,NA,"_",NA,NA,NA,NA,NA
NA,NA,NA,NA,"_",NA,NA,NA,NA,NA
NA,NA,NA,NA,"_",NA,NA,NA,NA,NA
NA,NA,NA,NA,"_",NA,NA,NA,NA,NA
NA,NA,NA,NA,"_",NA,NA,NA,NA,NA
NA,NA,NA,NA,"_",NA,NA,NA,NA,NA
NA,NA,NA,NA,"_",NA,NA,NA,NA,NA
NA,NA,NA,NA,"_",NA,NA,NA,NA,NA
NA,NA,NA,NA,"_",NA,NA,NA,NA,NA
NA,NA,NA,NA,"_",NA,NA,NA,NA,NA
NA,NA,NA,NA,"_",NA,NA,NA,NA,NA
NA,NA,NA,NA,"_",NA,NA,NA,NA,NA
NA,NA,NA,NA,"_",NA,NA,NA,NA,NA
NA,NA,NA,NA,"_",NA,NA,NA,NA,NA
NA,NA,NA,NA,"_",NA,NA,NA,NA,NA
NA,NA,NA,NA,"_",NA,NA,NA,NA,NA
NA,NA,NA,NA,"_",NA,NA,NA,NA,NA
NA,NA,NA,NA,"_",NA,NA,NA,NA,NA
NA,NA,NA,NA,"_",NA,NA,NA,NA,NA
NA,NA,NA,NA,"_",NA,NA,NA,NA,NA
NA,NA,NA,NA,"_",NA,NA,NA,NA,NA
NA,NA,NA,NA,"_",NA,NA,NA,NA,NA
NA,NA,NA,NA,"_",NA,NA,NA,NA,NA
NA,NA,NA,NA,"_",NA,NA,NA,NA,NA
NA,NA,NA,NA,"_",NA,NA,NA,NA,NA
NA,NA,NA,NA,"_",NA,NA,NA,NA,NA
NA,NA,NA,NA,"_",NA,NA,NA,NA,NA
NA,NA,NA,NA,"_",NA,NA,NA,NA,NA
NA,NA,NA,NA,"_",NA,NA,NA,NA,NA
NA,NA,NA,NA,"_",NA,NA,NA,NA,NA
NA,NA,NA,NA,"_",NA,NA,NA,NA,NA
NA,NA,NA,NA,"_",NA,NA,NA,NA,NA
NA,NA,NA,NA,"_",NA,NA,NA,NA,NA
NA,NA,NA,NA,"_",NA,NA,NA,NA,NA
NA,NA,NA,NA,"_",NA,NA,NA,NA,NA
NA,NA,NA,NA,"_",NA,NA,NA,NA,NA
NA,NA,NA,NA,"_",NA,NA,NA,NA,NA
NA,NA,NA,NA,"_",NA,NA,NA,NA,NA
NA,NA,NA,NA,"_",NA,NA,NA,NA,NA
NA,NA,NA,NA,"_",NA,NA,NA,NA,NA
NA,NA,NA,NA,"_",NA,NA,NA,NA,NA
NA,NA,NA,NA,"_",NA,NA,NA,NA,NA
NA,NA,NA,NA,"_",NA,NA,NA,NA,NA
NA,NA,NA,NA,"_",NA,NA,NA,NA,NA
NA,NA,NA,NA,"_",NA,NA,NA,NA,NA
NA,NA,NA,NA,"_",NA,NA,NA,NA,NA
NA,NA,NA,NA,"_",NA,NA,NA,NA,NA
NA,NA,NA,NA,"_",NA,NA,NA,NA,NA
NA,NA,NA,NA,"_",NA,NA,NA,NA,NA
NA,NA,NA,NA,"_",NA,NA,NA,NA,NA
NA,NA,NA,NA,"_",NA,NA,NA,NA,NA
NA,NA,NA,NA,"_",NA,NA,NA,NA,NA
NA,NA,NA,NA,"_",NA,NA,NA,NA,NA
NA,NA,NA,NA,"_",NA,NA,NA,NA,NA
NA,NA,NA,NA,"_",NA,NA,NA,NA,NA
NA,NA,NA,NA,"_",NA,NA,NA,NA,NA
NA,NA,NA,NA,"_",NA,NA,NA,NA,NA
NA,NA,NA,NA,"_",NA,NA,NA,NA,NA
NA,NA,NA,NA,"_",NA,NA,NA,NA,NA
NA,NA,NA,NA,"_",NA,NA,NA,NA,NA
NA,NA,NA,NA,"_",NA,NA,NA,NA,NA
NA,NA,NA,NA,"_",NA,NA,NA,NA,NA
NA,NA,NA,NA,"_",NA,NA,NA,NA,NA
NA,NA,NA,NA,"_",NA,NA,NA,NA,NA
NA,NA,NA,NA,"_",NA,NA,NA,NA,NA
NA,NA,NA,NA,"_",NA,NA,NA,NA,NA
NA,NA,NA,NA,"_",NA,NA,NA,NA,NA
NA,NA,NA,NA,"_",NA,NA,NA,NA,NA
NA,NA,NA,NA,"_",NA,NA,NA,NA,NA
NA,NA,NA,NA,"_",NA,NA,NA,NA,NA
2018-06-13,"KS, PT",NA,"1","Turf_1","0","CYNDAC","chenopodium? purple underside","Turf","Site ID"
2018-06-13,"KS, PT",NA,"1","Turf_1","0","UK(01)",NA,"Turf","Site ID"
2018-06-13,"KS, PT",NA,"1","Turf_1","0","B",NA,"Turf","Site ID"
2018-06-13,"KS, PT",NA,"1","Turf_1","1","MEDLUP",NA,"Turf","Site ID"
2018-06-13,"KS, PT",NA,"1","Turf_1","1","UK(02)",NA,"Turf","Site ID"
2018-06-13,"KS, PT",NA,"1","Turf_1","1","B",NA,"Turf","Site ID"
2018-06-13,"KS, PT",NA,"1","Turf_1","2","MEDLUP",NA,"Turf","Site ID"
2018-06-13,"KS, PT",NA,"1","Turf_1","2","CYNDAC",NA,"Turf","Site ID"
2018-06-13,"KS, PT",NA,"1","Turf_1","2","S",NA,"Turf","Site ID"
2018-06-13,"KS, PT",NA,"1","Turf_1","3","CYNDAC",NA,"Turf","Site ID"
2018-06-13,"KS, PT",NA,"1","Turf_1","3","S",NA,"Turf","Site ID"
2018-06-13,"KS, PT",NA,"1","Turf_1","4","CYNDAC",NA,"Turf","Site ID"
2018-06-13,"KS, PT",NA,"1","Turf_1","4","S",NA,"Turf","Site ID"
2018-06-13,"KS, PT",NA,"1","Turf_1","5","CYNDAC",NA,"Turf","Site ID"
2018-06-13,"KS, PT",NA,"1","Turf_1","5","OXACOR",NA,"Turf","Site ID"
2018-06-13,"KS, PT",NA,"1","Turf_1","5","S",NA,"Turf","Site ID"
2018-06-13,"KS, PT",NA,"1","Turf_1","6","CYNDAC",NA,"Turf","Site ID"
2018-06-13,"KS, PT",NA,"1","Turf_1","6","OXACOR",NA,"Turf","Site ID"
2018-06-13,"KS, PT",NA,"1","Turf_1","6","S",NA,"Turf","Site ID"
2018-06-13,"KS, PT",NA,"1","Turf_1","6","CYNDAC",NA,"Turf","Site ID"
2018-06-13,"KS, PT",NA,"1","Turf_1","6","S",NA,"Turf","Site ID"
2018-06-13,"KS, PT",NA,"1","Turf_1","7","CYNDAC",NA,"Turf","Site ID"
2018-06-13,"KS, PT",NA,"1","Turf_1","7","S",NA,"Turf","Site ID"
2018-06-13,"KS, PT",NA,"1","Turf_1","8","CYNDAC",NA,"Turf","Site ID"
2018-06-13,"KS, PT",NA,"1","Turf_1","8","S",NA,"Turf","Site ID"
2018-06-13,"KS, PT",NA,"1","Turf_1","9","CYNDAC",NA,"Turf","Site ID"
2018-06-13,"KS, PT",NA,"1","Turf_1","9","S",NA,"Turf","Site ID"
2018-06-13,"KS, PT",NA,"1","Turf_1","10","CYNDAC",NA,"Turf","Site ID"
2018-06-13,"KS, PT",NA,"1","Turf_1","10","S",NA,"Turf","Site ID"
2018-06-13,"KS, PT",NA,"1","Turf_1","11","CYNDAC",NA,"Turf","Site ID"
2018-06-13,"KS, PT",NA,"1","Turf_1","11","S",NA,"Turf","Site ID"
2018-06-13,"KS, PT",NA,"1","Turf_1","12","CYNDAC",NA,"Turf","Site ID"
2018-06-13,"KS, PT",NA,"1","Turf_1","12","S",NA,"Turf","Site ID"
2018-06-13,"KS, PT",NA,"1","Turf_1","13","CYNDAC",NA,"Turf","Site ID"
2018-06-13,"KS, PT",NA,"1","Turf_1","13","S",NA,"Turf","Site ID"
2018-06-13,"KS, PT",NA,"1","Turf_1","14","CYNDAC",NA,"Turf","Site ID"
2018-06-13,"KS, PT",NA,"1","Turf_1","14","S",NA,"Turf","Site ID"
2018-06-13,"KS, PT",NA,"1","Turf_1","15","CYNDAC",NA,"Turf","Site ID"
2018-06-13,"KS, PT",NA,"1","Turf_1","15","S",NA,"Turf","Site ID"
2018-06-13,"KS, PT",NA,"1","Turf_1","16","CYNDAC",NA,"Turf","Site ID"
2018-06-13,"KS, PT",NA,"1","Turf_1","16","S",NA,"Turf","Site ID"
2018-06-13,"KS, PT",NA,"1","Turf_1","17","CYNDAC",NA,"Turf","Site ID"
2018-06-13,"KS, PT",NA,"1","Turf_1","17","S",NA,"Turf","Site ID"
2018-06-13,"KS, PT",NA,"1","Turf_1","18","CYNDAC",NA,"Turf","Site ID"
2018-06-13,"KS, PT",NA,"1","Turf_1","18","S",NA,"Turf","Site ID"
2018-06-13,"KS, PT",NA,"1","Turf_1","19","CYNDAC",NA,"Turf","Site ID"
2018-06-13,"KS, PT",NA,"1","Turf_1","19","S",NA,"Turf","Site ID"
2018-06-13,"KS, PT",NA,"1","Turf_1","20","CYNDAC",NA,"Turf","Site ID"
2018-06-13,"KS, PT",NA,"1","Turf_1","20","S",NA,"Turf","Site ID"
2018-06-13,"KS, PT",NA,"1","Turf_1","21","CYNDAC",NA,"Turf","Site ID"
2018-06-13,"KS, PT",NA,"1","Turf_1","21","L",NA,"Turf","Site ID"
2018-06-13,"KS, PT",NA,"1","Turf_1","22","RO","Road","Turf","Site ID"
2018-06-13,"KS, PT",NA,"1","Turf_1","23","CYNDAC",NA,"Turf","Site ID"
2018-06-13,"KS, PT",NA,"1","Turf_1","23","S",NA,"Turf","Site ID"
2018-06-13,"KS, PT",NA,"1","Turf_1","24","CYNDAC",NA,"Turf","Site ID"
2018-06-13,"KS, PT",NA,"1","Turf_1","24","OXACOR",NA,"Turf","Site ID"
2018-06-13,"KS, PT",NA,"1","Turf_1","24","S",NA,"Turf","Site ID"
2018-06-13,"KS, PT",NA,"1","Turf_1","25","CYNDAC",NA,"Turf","Site ID"
2018-06-13,"KS, PT",NA,"1","Turf_1","25","MEDLUP",NA,"Turf","Site ID"
2018-06-13,"KS, PT",NA,"1","Turf_1","25","OXACOR",NA,"Turf","Site ID"
2018-06-13,"KS, PT",NA,"1","Turf_1","25","S",NA,"Turf","Site ID"
2018-06-13,"KS, PT",NA,"1","Turf_1","26","CYNDAC",NA,"Turf","Site ID"
2018-06-13,"KS, PT",NA,"1","Turf_1","26","S",NA,"Turf","Site ID"
2018-06-13,"KS, PT",NA,"1","Turf_1","27","CYNDAC",NA,"Turf","Site ID"
2018-06-13,"KS, PT",NA,"1","Turf_1","27","S",NA,"Turf","Site ID"
2018-06-13,"KS, PT",NA,"1","Turf_1","28","CYNDAC",NA,"Turf","Site ID"
2018-06-13,"KS, PT",NA,"1","Turf_1","28","S",NA,"Turf","Site ID"
2018-06-13,"KS, PT",NA,"1","Turf_1","29","CYNDAC",NA,"Turf","Site ID"
2018-06-13,"KS, PT",NA,"1","Turf_1","29","OXACOR",NA,"Turf","Site ID"
2018-06-13,"KS, PT",NA,"1","Turf_1","29","S",NA,"Turf","Site ID"
2018-06-13,"KS, PT",NA,"1","Turf_1","30","CYNDAC",NA,"Turf","Site ID"
2018-06-13,"KS, PT",NA,"1","Turf_1","30","OXACOR",NA,"Turf","Site ID"
2018-06-13,"KS, PT",NA,"1","Turf_1","30","S",NA,"Turf","Site ID"
2018-06-13,"KS, PT",NA,"1","Turf_1","31","CYNDAC",NA,"Turf","Site ID"
2018-06-13,"KS, PT",NA,"1","Turf_1","31","S",NA,"Turf","Site ID"
2018-06-13,"KS, PT",NA,"1","Turf_1","32","CYNDAC",NA,"Turf","Site ID"
2018-06-13,"KS, PT",NA,"1","Turf_1","32","S",NA,"Turf","Site ID"
2018-06-13,"KS, PT",NA,"1","Turf_1","33","CYNDAC",NA,"Turf","Site ID"
2018-06-13,"KS, PT",NA,"1","Turf_1","33","S",NA,"Turf","Site ID"
2018-06-13,"KS, PT",NA,"1","Turf_1","34","CYNDAC",NA,"Turf","Site ID"
2018-06-13,"KS, PT",NA,"1","Turf_1","34","S",NA,"Turf","Site ID"
2018-06-13,"KS, PT",NA,"1","Turf_1","35","CYNDAC",NA,"Turf","Site ID"
2018-06-13,"KS, PT",NA,"1","Turf_1","35","S",NA,"Turf","Site ID"
2018-06-13,"KS, PT",NA,"1","Turf_1","36","CYNDAC",NA,"Turf","Site ID"
2018-06-13,"KS, PT",NA,"1","Turf_1","36","S",NA,"Turf","Site ID"
2018-06-13,"KS, PT",NA,"1","Turf_1","37","CYNDAC",NA,"Turf","Site ID"
2018-06-13,"KS, PT",NA,"1","Turf_1","37","S",NA,"Turf","Site ID"
2018-06-13,"KS, PT",NA,"1","Turf_1","38","CYNDAC",NA,"Turf","Site ID"
2018-06-13,"KS, PT",NA,"1","Turf_1","38","S",NA,"Turf","Site ID"
2018-06-13,"KS, PT",NA,"1","Turf_1","39","CYNDAC",NA,"Turf","Site ID"
2018-06-13,"KS, PT",NA,"1","Turf_1","39","S",NA,"Turf","Site ID"
2018-06-13,"KS, PT",NA,"1","Turf_1","40","CYNDAC",NA,"Turf","Site ID"
2018-06-13,"KS, PT",NA,"1","Turf_1","40","S",NA,"Turf","Site ID"
2018-06-13,"KS, PT",NA,"1","Turf_1","41","CYNDAC",NA,"Turf","Site ID"
2018-06-13,"KS, PT",NA,"1","Turf_1","41","S",NA,"Turf","Site ID"
2018-06-13,"KS, PT",NA,"1","Turf_1","42","CYNDAC",NA,"Turf","Site ID"
2018-06-13,"KS, PT",NA,"1","Turf_1","42","S",NA,"Turf","Site ID"
2018-06-13,"KS, PT",NA,"1","Turf_1","43","CYNDAC",NA,"Turf","Site ID"
2018-06-13,"KS, PT",NA,"1","Turf_1","43","S",NA,"Turf","Site ID"
2018-06-13,"KS, PT",NA,"1","Turf_1","44","D(CYNDAC)",NA,"Turf","Site ID"
2018-06-13,"KS, PT",NA,"1","Turf_1","44","S",NA,"Turf","Site ID"
2018-06-13,"KS, PT",NA,"1","Turf_1","45","CYNDAC",NA,"Turf","Site ID"
2018-06-13,"KS, PT",NA,"1","Turf_1","45","S",NA,"Turf","Site ID"
2018-06-13,"KS, PT",NA,"1","Turf_1","46","CYNDAC",NA,"Turf","Site ID"
2018-06-13,"KS, PT",NA,"1","Turf_1","46","S",NA,"Turf","Site ID"
2018-06-13,"KS, PT",NA,"1","Turf_1","47","CYNDAC",NA,"Turf","Site ID"
2018-06-13,"KS, PT",NA,"1","Turf_1","47","S",NA,"Turf","Site ID"
2018-06-13,"KS, PT",NA,"1","Turf_1","48","CYNDAC",NA,"Turf","Site ID"
2018-06-13,"KS, PT",NA,"1","Turf_1","48","S",NA,"Turf","Site ID"
2018-06-13,"KS, PT",NA,"1","Turf_1","49","CYNDAC",NA,"Turf","Site ID"
2018-06-13,"KS, PT",NA,"1","Turf_1","49","S",NA,"Turf","Site ID"
2018-06-13,"KS, PT",NA,"1","Turf_1","50","UK(03)","pg 57 bleu","Turf","Site ID"
2018-06-13,"KS, PT",NA,"1","Turf_1","50","S",NA,"Turf","Site ID"
2018-06-13,"KS, PT",NA,"1","Turf_1","51","UK(03)",NA,"Turf","Site ID"
2018-06-13,"KS, PT",NA,"1","Turf_1","51","S",NA,"Turf","Site ID"
2018-06-13,"KS, PT",NA,"1","Turf_1","52","UK(03)","53.45 m end","Turf","Site ID"
2018-06-13,"KS, PT",NA,"1","Turf_1","52","S",NA,"Turf","Site ID"
2018-06-13,"KS, PT",NA,"1","Turf_1","53","UK(04)",NA,"Turf","Site ID"
2018-06-13,"KS, PT",NA,"1","Turf_1","53","B",NA,"Turf","Site ID"
2018-06-13,"KS, PT",NA,"2","Turf_2","0","B",NA,"Turf","Site ID"
2018-06-13,"KS, PT",NA,"2","Turf_2","1","UK(02)",NA,"Turf","Site ID"
2018-06-13,"KS, PT",NA,"2","Turf_2","1","UK(01)",NA,"Turf","Site ID"
2018-06-13,"KS, PT",NA,"2","Turf_2","1","CYNDAC",NA,"Turf","Site ID"
2018-06-13,"KS, PT",NA,"2","Turf_2","1","L",NA,"Turf","Site ID"
2018-06-13,"KS, PT",NA,"2","Turf_2","2","CYNDAC",NA,"Turf","Site ID"
2018-06-13,"KS, PT",NA,"2","Turf_2","2","S",NA,"Turf","Site ID"
2018-06-13,"KS, PT",NA,"2","Turf_2","3","CYNDAC",NA,"Turf","Site ID"
2018-06-13,"KS, PT",NA,"2","Turf_2","3","S",NA,"Turf","Site ID"
2018-06-13,"KS, PT",NA,"2","Turf_2","4","CYNDAC",NA,"Turf","Site ID"
2018-06-13,"KS, PT",NA,"2","Turf_2","4","S",NA,"Turf","Site ID"
2018-06-13,"KS, PT",NA,"2","Turf_2","5","CYNDAC",NA,"Turf","Site ID"
2018-06-13,"KS, PT",NA,"2","Turf_2","5","S",NA,"Turf","Site ID"
2018-06-13,"KS, PT",NA,"2","Turf_2","6","CYNDAC",NA,"Turf","Site ID"
2018-06-13,"KS, PT",NA,"2","Turf_2","6","S",NA,"Turf","Site ID"
2018-06-13,"KS, PT",NA,"2","Turf_2","7","CYNDAC",NA,"Turf","Site ID"
2018-06-13,"KS, PT",NA,"2","Turf_2","7","S",NA,"Turf","Site ID"
2018-06-13,"KS, PT",NA,"2","Turf_2","8","CYNDAC",NA,"Turf","Site ID"
2018-06-13,"KS, PT",NA,"2","Turf_2","8","S",NA,"Turf","Site ID"
2018-06-13,"KS, PT",NA,"2","Turf_2","9","CYNDAC",NA,"Turf","Site ID"
2018-06-13,"KS, PT",NA,"2","Turf_2","9","S",NA,"Turf","Site ID"
2018-06-13,"KS, PT",NA,"2","Turf_2","10","CYNDAC",NA,"Turf","Site ID"
2018-06-13,"KS, PT",NA,"2","Turf_2","10","S",NA,"Turf","Site ID"
2018-06-13,"KS, PT",NA,"2","Turf_2","11","CYNDAC",NA,"Turf","Site ID"
2018-06-13,"KS, PT",NA,"2","Turf_2","11","S",NA,"Turf","Site ID"
2018-06-13,"KS, PT",NA,"2","Turf_2","12","CYNDAC",NA,"Turf","Site ID"
2018-06-13,"KS, PT",NA,"2","Turf_2","12","S",NA,"Turf","Site ID"
2018-06-13,"KS, PT",NA,"2","Turf_2","13","CYNDAC",NA,"Turf","Site ID"
2018-06-13,"KS, PT",NA,"2","Turf_2","13","S",NA,"Turf","Site ID"
2018-06-13,"KS, PT",NA,"2","Turf_2","14","CYNDAC",NA,"Turf","Site ID"
2018-06-13,"KS, PT",NA,"2","Turf_2","14","S",NA,"Turf","Site ID"
2018-06-13,"KS, PT",NA,"2","Turf_2","15","CYNDAC",NA,"Turf","Site ID"
2018-06-13,"KS, PT",NA,"2","Turf_2","15","S",NA,"Turf","Site ID"
2018-06-13,"KS, PT",NA,"2","Turf_2","16","CYNDAC",NA,"Turf","Site ID"
2018-06-13,"KS, PT",NA,"2","Turf_2","16","S",NA,"Turf","Site ID"
2018-06-13,"KS, PT",NA,"2","Turf_2","17","CYNDAC",NA,"Turf","Site ID"
2018-06-13,"KS, PT",NA,"2","Turf_2","17","S",NA,"Turf","Site ID"
2018-06-13,"KS, PT",NA,"2","Turf_2","18","CYNDAC",NA,"Turf","Site ID"
2018-06-13,"KS, PT",NA,"2","Turf_2","18","OXACOR",NA,"Turf","Site ID"
2018-06-13,"KS, PT",NA,"2","Turf_2","18","S",NA,"Turf","Site ID"
2018-06-13,"KS, PT",NA,"2","Turf_2","19","CYNDAC",NA,"Turf","Site ID"
2018-06-13,"KS, PT",NA,"2","Turf_2","19","S",NA,"Turf","Site ID"
2018-06-13,"KS, PT",NA,"2","Turf_2","20","CYNDAC",NA,"Turf","Site ID"
2018-06-13,"KS, PT",NA,"2","Turf_2","20","OXACOR",NA,"Turf","Site ID"
2018-06-13,"KS, PT",NA,"2","Turf_2","20","S",NA,"Turf","Site ID"
2018-06-13,"KS, PT",NA,"2","Turf_2","21","CYNDAC",NA,"Turf","Site ID"
2018-06-13,"KS, PT",NA,"2","Turf_2","21","OXACOR",NA,"Turf","Site ID"
2018-06-13,"KS, PT",NA,"2","Turf_2","21","S",NA,"Turf","Site ID"
2018-06-13,"KS, PT",NA,"2","Turf_2","22","RO","Road","Turf","Site ID"
2018-06-13,"KS, PT",NA,"2","Turf_2","23","CYNDAC",NA,"Turf","Site ID"
2018-06-13,"KS, PT",NA,"2","Turf_2","23","S",NA,"Turf","Site ID"
2018-06-13,"KS, PT",NA,"2","Turf_2","24","CYNDAC",NA,"Turf","Site ID"
2018-06-13,"KS, PT",NA,"2","Turf_2","24","S",NA,"Turf","Site ID"
2018-06-13,"KS, PT",NA,"2","Turf_2","25","CYNDAC",NA,"Turf","Site ID"
2018-06-13,"KS, PT",NA,"2","Turf_2","25","S",NA,"Turf","Site ID"
2018-06-13,"KS, PT",NA,"2","Turf_2","26","CYNDAC",NA,"Turf","Site ID"
2018-06-13,"KS, PT",NA,"2","Turf_2","26","S",NA,"Turf","Site ID"
2018-06-13,"KS, PT",NA,"2","Turf_2","27","CYNDAC",NA,"Turf","Site ID"
2018-06-13,"KS, PT",NA,"2","Turf_2","27","S",NA,"Turf","Site ID"
2018-06-13,"KS, PT",NA,"2","Turf_2","28","CYNDAC",NA,"Turf","Site ID"
2018-06-13,"KS, PT",NA,"2","Turf_2","28","S",NA,"Turf","Site ID"
2018-06-13,"KS, PT",NA,"2","Turf_2","29","CYNDAC",NA,"Turf","Site ID"
2018-06-13,"KS, PT",NA,"2","Turf_2","29","S",NA,"Turf","Site ID"
2018-06-13,"KS, PT",NA,"2","Turf_2","30","CYNDAC",NA,"Turf","Site ID"
2018-06-13,"KS, PT",NA,"2","Turf_2","30","S",NA,"Turf","Site ID"
2018-06-13,"KS, PT",NA,"2","Turf_2","31","CYNDAC",NA,"Turf","Site ID"
2018-06-13,"KS, PT",NA,"2","Turf_2","31","S",NA,"Turf","Site ID"
2018-06-13,"KS, PT",NA,"2","Turf_2","32","CYNDAC",NA,"Turf","Site ID"
2018-06-13,"KS, PT",NA,"2","Turf_2","32","OXACOR",NA,"Turf","Site ID"
2018-06-13,"KS, PT",NA,"2","Turf_2","32","S",NA,"Turf","Site ID"
2018-06-13,"KS, PT",NA,"2","Turf_2","33","CYNDAC",NA,"Turf","Site ID"
2018-06-13,"KS, PT",NA,"2","Turf_2","33","S",NA,"Turf","Site ID"
2018-06-13,"KS, PT",NA,"2","Turf_2","34","CYNDAC",NA,"Turf","Site ID"
2018-06-13,"KS, PT",NA,"2","Turf_2","34","S",NA,"Turf","Site ID"
2018-06-13,"KS, PT",NA,"2","Turf_2","35","CYNDAC",NA,"Turf","Site ID"
2018-06-13,"KS, PT",NA,"2","Turf_2","35","S",NA,"Turf","Site ID"
2018-06-13,"KS, PT",NA,"2","Turf_2","36","CYNDAC",NA,"Turf","Site ID"
2018-06-13,"KS, PT",NA,"2","Turf_2","36","S",NA,"Turf","Site ID"
2018-06-13,"KS, PT",NA,"2","Turf_2","37","CYNDAC",NA,"Turf","Site ID"
2018-06-13,"KS, PT",NA,"2","Turf_2","37","OXACOR",NA,"Turf","Site ID"
2018-06-13,"KS, PT",NA,"2","Turf_2","37","S",NA,"Turf","Site ID"
2018-06-13,"KS, PT",NA,"2","Turf_2","38","CYNDAC",NA,"Turf","Site ID"
2018-06-13,"KS, PT",NA,"2","Turf_2","38","S",NA,"Turf","Site ID"
2018-06-13,"KS, PT",NA,"2","Turf_2","39","CYNDAC",NA,"Turf","Site ID"
2018-06-13,"KS, PT",NA,"2","Turf_2","39","S",NA,"Turf","Site ID"
2018-06-13,"KS, PT",NA,"2","Turf_2","40","CYNDAC",NA,"Turf","Site ID"
2018-06-13,"KS, PT",NA,"2","Turf_2","40","OXACOR",NA,"Turf","Site ID"
2018-06-13,"KS, PT",NA,"2","Turf_2","40","S",NA,"Turf","Site ID"
2018-06-13,"KS, PT",NA,"2","Turf_2","41","CYNDAC",NA,"Turf","Site ID"
2018-06-13,"KS, PT",NA,"2","Turf_2","41","S",NA,"Turf","Site ID"
2018-06-13,"KS, PT",NA,"2","Turf_2","42","CYNDAC",NA,"Turf","Site ID"
2018-06-13,"KS, PT",NA,"2","Turf_2","42","S",NA,"Turf","Site ID"
2018-06-13,"KS, PT",NA,"2","Turf_2","43","CYNDAC",NA,"Turf","Site ID"
2018-06-13,"KS, PT",NA,"2","Turf_2","43","UK(04)",NA,"Turf","Site ID"
2018-06-13,"KS, PT",NA,"2","Turf_2","43","S",NA,"Turf","Site ID"
2018-06-13,"KS, PT",NA,"2","Turf_2","44","CYNDAC",NA,"Turf","Site ID"
2018-06-13,"KS, PT",NA,"2","Turf_2","44","S",NA,"Turf","Site ID"
2018-06-13,"KS, PT",NA,"2","Turf_2","45","CYNDAC",NA,"Turf","Site ID"
2018-06-13,"KS, PT",NA,"2","Turf_2","45","S",NA,"Turf","Site ID"
2018-06-13,"KS, PT",NA,"2","Turf_2","46","CYNDAC",NA,"Turf","Site ID"
2018-06-13,"KS, PT",NA,"2","Turf_2","46","OXACOR",NA,"Turf","Site ID"
2018-06-13,"KS, PT",NA,"2","Turf_2","46","S",NA,"Turf","Site ID"
2018-06-13,"KS, PT",NA,"2","Turf_2","47","CYNDAC",NA,"Turf","Site ID"
2018-06-13,"KS, PT",NA,"2","Turf_2","47","S",NA,"Turf","Site ID"
2018-06-13,"KS, PT",NA,"2","Turf_2","48","CYNDAC",NA,"Turf","Site ID"
2018-06-13,"KS, PT",NA,"2","Turf_2","48","OXACOR",NA,"Turf","Site ID"
2018-06-13,"KS, PT",NA,"2","Turf_2","48","S",NA,"Turf","Site ID"
2018-06-13,"KS, PT",NA,"2","Turf_2","49","CYNDAC",NA,"Turf","Site ID"
2018-06-13,"KS, PT",NA,"2","Turf_2","49","S",NA,"Turf","Site ID"
2018-06-13,"KS, PT",NA,"2","Turf_2","50","CYNDAC",NA,"Turf","Site ID"
2018-06-13,"KS, PT",NA,"2","Turf_2","50","L",NA,"Turf","Site ID"
2018-06-13,"KS, PT",NA,"2","Turf_2","51","CYNDAC",NA,"Turf","Site ID"
2018-06-13,"KS, PT",NA,"2","Turf_2","51","S",NA,"Turf","Site ID"
2018-06-13,"KS, PT",NA,"2","Turf_2","52","CYNDAC",NA,"Turf","Site ID"
2018-06-13,"KS, PT",NA,"2","Turf_2","52","S",NA,"Turf","Site ID"
2018-06-13,"KS, PT",NA,"2","Turf_2","53","CYNDAC",NA,"Turf","Site ID"
2018-06-13,"KS, PT",NA,"2","Turf_2","53","S",NA,"Turf","Site ID"
2018-06-13,"KS, PT",NA,"2","Turf_2","54","UK(03)",NA,"Turf","Site ID"
2018-06-13,"KS, PT",NA,"2","Turf_2","54","S",NA,"Turf","Site ID"
2018-06-13,"KS, PT",NA,"2","Turf_2","55","UK(03)",NA,"Turf","Site ID"
2018-06-13,"KS, PT",NA,"2","Turf_2","55","S",NA,"Turf","Site ID"
2018-06-13,"KS, PT",NA,"2","Turf_2","56","UK(03)","56-65 M transect","Turf","Site ID"
2018-06-13,"KS, PT",NA,"2","Turf_2","56","S",NA,"Turf","Site ID"
2018-06-13,"KS, PT",NA,"1","No Turf_1","0","B",NA,"No Turf","Site ID"
2018-06-13,"KS, PT",NA,"1","No Turf_1","1","L",NA,"No Turf","Site ID"
2018-06-13,"KS, PT",NA,"1","No Turf_1","2","CYNDAC","(pw)","No Turf","Site ID"
2018-06-13,"KS, PT",NA,"1","No Turf_1","2","VINMAJ",NA,"No Turf","Site ID"
2018-06-13,"KS, PT",NA,"1","No Turf_1","2","L",NA,"No Turf","Site ID"
2018-06-13,"KS, PT",NA,"1","No Turf_1","3","SONASP",NA,"No Turf","Site ID"
2018-06-13,"KS, PT",NA,"1","No Turf_1","3","CYNDAC",NA,"No Turf","Site ID"
2018-06-13,"KS, PT",NA,"1","No Turf_1","3","L",NA,"No Turf","Site ID"
2018-06-13,"KS, PT",NA,"1","No Turf_1","4","CYNDAC",NA,"No Turf","Site ID"
2018-06-13,"KS, PT",NA,"1","No Turf_1","4","L",NA,"No Turf","Site ID"
2018-06-13,"KS, PT",NA,"1","No Turf_1","5","CYNDAC",NA,"No Turf","Site ID"
2018-06-13,"KS, PT",NA,"1","No Turf_1","5","L",NA,"No Turf","Site ID"
2018-06-13,"KS, PT",NA,"1","No Turf_1","6","EUPALB",NA,"No Turf","Site ID"
2018-06-13,"KS, PT",NA,"1","No Turf_1","6","L",NA,"No Turf","Site ID"
2018-06-13,"KS, PT",NA,"1","No Turf_1","7","LONJAP",NA,"No Turf","Site ID"
2018-06-13,"KS, PT",NA,"1","No Turf_1","7","L",NA,"No Turf","Site ID"
2018-06-13,"KS, PT",NA,"1","No Turf_1","8","LONJAP",NA,"No Turf","Site ID"
2018-06-13,"KS, PT",NA,"1","No Turf_1","8","L",NA,"No Turf","Site ID"
2018-06-13,"KS, PT",NA,"1","No Turf_1","9","L",NA,"No Turf","Site ID"
2018-06-13,"KS, PT",NA,"1","No Turf_1","10","IPOHED",NA,"No Turf","Site ID"
2018-06-13,"KS, PT",NA,"1","No Turf_1","10","L",NA,"No Turf","Site ID"
2018-06-13,"KS, PT",NA,"1","No Turf_1","11","IPOHED",NA,"No Turf","Site ID"
2018-06-13,"KS, PT",NA,"1","No Turf_1","11","S",NA,"No Turf","Site ID"
2018-06-13,"KS, PT",NA,"1","No Turf_1","12","IPOHED",NA,"No Turf","Site ID"
2018-06-13,"KS, PT",NA,"1","No Turf_1","12","VINMAJ",NA,"No Turf","Site ID"
2018-06-13,"KS, PT",NA,"1","No Turf_1","12","S",NA,"No Turf","Site ID"
2018-06-13,"KS, PT",NA,"1","No Turf_1","13","CYNDAC",NA,"No Turf","Site ID"
2018-06-13,"KS, PT",NA,"1","No Turf_1","13","IPOHED",NA,"No Turf","Site ID"
2018-06-13,"KS, PT",NA,"1","No Turf_1","13","S",NA,"No Turf","Site ID"
2018-06-13,"KS, PT",NA,"1","No Turf_1","14","IPOHED",NA,"No Turf","Site ID"
2018-06-13,"KS, PT",NA,"1","No Turf_1","14","LONJAP",NA,"No Turf","Site ID"
2018-06-13,"KS, PT",NA,"1","No Turf_1","14","S",NA,"No Turf","Site ID"
2018-06-13,"KS, PT",NA,"1","No Turf_1","15","IPOHED",NA,"No Turf","Site ID"
2018-06-13,"KS, PT",NA,"1","No Turf_1","15","LONJAP",NA,"No Turf","Site ID"
2018-06-13,"KS, PT",NA,"1","No Turf_1","15","VINMAJ",NA,"No Turf","Site ID"
2018-06-13,"KS, PT",NA,"1","No Turf_1","15","S",NA,"No Turf","Site ID"
2018-06-13,"KS, PT",NA,"1","No Turf_1","16","IPOHED",NA,"No Turf","Site ID"
2018-06-13,"KS, PT",NA,"1","No Turf_1","16","S",NA,"No Turf","Site ID"
2018-06-13,"KS, PT",NA,"1","No Turf_1","17","IPOHED",NA,"No Turf","Site ID"
2018-06-13,"KS, PT",NA,"1","No Turf_1","17","VINMAJ",NA,"No Turf","Site ID"
2018-06-13,"KS, PT",NA,"1","No Turf_1","17","S",NA,"No Turf","Site ID"
2018-06-13,"KS, PT",NA,"1","No Turf_1","18","IPOHED",NA,"No Turf","Site ID"
2018-06-13,"KS, PT",NA,"1","No Turf_1","18","VINMAJ",NA,"No Turf","Site ID"
2018-06-13,"KS, PT",NA,"1","No Turf_1","18","S",NA,"No Turf","Site ID"
2018-06-13,"KS, PT",NA,"1","No Turf_1","19","IPOHED",NA,"No Turf","Site ID"
2018-06-13,"KS, PT",NA,"1","No Turf_1","19","S",NA,"No Turf","Site ID"
2018-06-13,"KS, PT",NA,"1","No Turf_1","20","IPOHED",NA,"No Turf","Site ID"
2018-06-13,"KS, PT",NA,"1","No Turf_1","20","VINMAJ",NA,"No Turf","Site ID"
2018-06-13,"KS, PT",NA,"1","No Turf_1","20","LONJAP",NA,"No Turf","Site ID"
2018-06-13,"KS, PT",NA,"1","No Turf_1","20","S",NA,"No Turf","Site ID"
2018-06-13,"KS, PT",NA,"1","No Turf_1","21","PITTOB","pittosporum tobria","No Turf","Site ID"
2018-06-13,"KS, PT",NA,"1","No Turf_1","21","VINMAJ",NA,"No Turf","Site ID"
2018-06-13,"KS, PT",NA,"1","No Turf_1","21","IPOHED",NA,"No Turf","Site ID"
2018-06-13,"KS, PT",NA,"1","No Turf_1","21","S",NA,"No Turf","Site ID"
2018-06-13,"KS, PT",NA,"1","No Turf_1","22","PITTOB",NA,"No Turf","Site ID"
2018-06-13,"KS, PT",NA,"1","No Turf_1","22","IPOHED",NA,"No Turf","Site ID"
2018-06-13,"KS, PT",NA,"1","No Turf_1","22","S",NA,"No Turf","Site ID"
2018-06-13,"KS, PT",NA,"1","No Turf_1","23","PITTOB",NA,"No Turf","Site ID"
2018-06-13,"KS, PT",NA,"1","No Turf_1","23","VINMAJ",NA,"No Turf","Site ID"
2018-06-13,"KS, PT",NA,"1","No Turf_1","23","S",NA,"No Turf","Site ID"
2018-06-13,"KS, PT",NA,"1","No Turf_1","24","VINMAJ",NA,"No Turf","Site ID"
2018-06-13,"KS, PT",NA,"1","No Turf_1","24","LONJAP",NA,"No Turf","Site ID"
2018-06-13,"KS, PT",NA,"1","No Turf_1","24","S",NA,"No Turf","Site ID"
2018-06-13,"KS, PT",NA,"1","No Turf_1","25","IPOHED",NA,"No Turf","Site ID"
2018-06-13,"KS, PT",NA,"1","No Turf_1","25","VINMAJ",NA,"No Turf","Site ID"
2018-06-13,"KS, PT",NA,"1","No Turf_1","25","LONGJEP",NA,"No Turf","Site ID"
2018-06-13,"KS, PT",NA,"1","No Turf_1","25","S",NA,"No Turf","Site ID"
2018-06-13,"KS, PT",NA,"1","No Turf_1","26","VINMAJ","Tree w/ yellow seeds and flowers","No Turf","Site ID"
2018-06-13,"KS, PT",NA,"1","No Turf_1","26","LONJAP",NA,"No Turf","Site ID"
2018-06-13,"KS, PT",NA,"1","No Turf_1","26","HEDHEL",NA,"No Turf","Site ID"
2018-06-13,"KS, PT",NA,"1","No Turf_1","26","UK(05)",NA,"No Turf","Site ID"
2018-06-13,"KS, PT",NA,"1","No Turf_1","26","S",NA,"No Turf","Site ID"
2018-06-13,"KS, PT",NA,"1","No Turf_1","27","LONJAP",NA,"No Turf","Site ID"
2018-06-13,"KS, PT",NA,"1","No Turf_1","27","VINMAJ",NA,"No Turf","Site ID"
2018-06-13,"KS, PT",NA,"1","No Turf_1","27","HEDHEL",NA,"No Turf","Site ID"
2018-06-13,"KS, PT",NA,"1","No Turf_1","27","UK(05)",NA,"No Turf","Site ID"
2018-06-13,"KS, PT",NA,"1","No Turf_1","27","B",NA,"No Turf","Site ID"
2018-06-13,"KS, PT",NA,"1","No Turf_1","28","LONJAP",NA,"No Turf","Site ID"
2018-06-13,"KS, PT",NA,"1","No Turf_1","28","B",NA,"No Turf","Site ID"
2018-06-13,"KS, PT",NA,"1","No Turf_1","29","VINMAJ",NA,"No Turf","Site ID"
2018-06-13,"KS, PT",NA,"1","No Turf_1","29","UK(05)",NA,"No Turf","Site ID"
2018-06-13,"KS, PT",NA,"1","No Turf_1","29","B",NA,"No Turf","Site ID"
2018-06-13,"KS, PT",NA,"1","No Turf_1","30","VINMAJ",NA,"No Turf","Site ID"
2018-06-13,"KS, PT",NA,"1","No Turf_1","30","HEDHEL",NA,"No Turf","Site ID"
2018-06-13,"KS, PT",NA,"1","No Turf_1","30","UK(05)",NA,"No Turf","Site ID"
2018-06-13,"KS, PT",NA,"1","No Turf_1","30","S",NA,"No Turf","Site ID"
2018-06-13,"KS, PT",NA,"1","No Turf_1","31","LONJAP",NA,"No Turf","Site ID"
2018-06-13,"KS, PT",NA,"1","No Turf_1","31","VINMAJ",NA,"No Turf","Site ID"
2018-06-13,"KS, PT",NA,"1","No Turf_1","31","HEDHEL",NA,"No Turf","Site ID"
2018-06-13,"KS, PT",NA,"1","No Turf_1","31","UK(05)",NA,"No Turf","Site ID"
2018-06-13,"KS, PT",NA,"1","No Turf_1","31","S",NA,"No Turf","Site ID"
2018-06-13,"KS, PT",NA,"1","No Turf_1","32","VINMAJ",NA,"No Turf","Site ID"
2018-06-13,"KS, PT",NA,"1","No Turf_1","32","LONJAP",NA,"No Turf","Site ID"
2018-06-13,"KS, PT",NA,"1","No Turf_1","32","B",NA,"No Turf","Site ID"
2018-06-13,"KS, PT",NA,"1","No Turf_1","33","LONJAP",NA,"No Turf","Site ID"
2018-06-13,"KS, PT",NA,"1","No Turf_1","33","HEDHEL",NA,"No Turf","Site ID"
2018-06-13,"KS, PT",NA,"1","No Turf_1","33","VINMAJ",NA,"No Turf","Site ID"
2018-06-13,"KS, PT",NA,"1","No Turf_1","33","S",NA,"No Turf","Site ID"
2018-06-13,"KS, PT",NA,"1","No Turf_1","34","LONJAP",NA,"No Turf","Site ID"
2018-06-13,"KS, PT",NA,"1","No Turf_1","34","HEDHEL",NA,"No Turf","Site ID"
2018-06-13,"KS, PT",NA,"1","No Turf_1","34","VINMAJ",NA,"No Turf","Site ID"
2018-06-13,"KS, PT",NA,"1","No Turf_1","34","S",NA,"No Turf","Site ID"
2018-06-13,"KS, PT",NA,"1","No Turf_1","35","LONJAP",NA,"No Turf","Site ID"
2018-06-13,"KS, PT",NA,"1","No Turf_1","35","VINMAJ",NA,"No Turf","Site ID"
2018-06-13,"KS, PT",NA,"1","No Turf_1","35","S",NA,"No Turf","Site ID"
2018-06-13,"KS, PT",NA,"1","No Turf_1","36","LONJAP",NA,"No Turf","Site ID"
2018-06-13,"KS, PT",NA,"1","No Turf_1","36","VINMAJ",NA,"No Turf","Site ID"
2018-06-13,"KS, PT",NA,"1","No Turf_1","36","L",NA,"No Turf","Site ID"
2018-06-13,"KS, PT",NA,"1","No Turf_1","37","LONJAP",NA,"No Turf","Site ID"
2018-06-13,"KS, PT",NA,"1","No Turf_1","37","VINMAJ",NA,"No Turf","Site ID"
2018-06-13,"KS, PT",NA,"1","No Turf_1","37","S",NA,"No Turf","Site ID"
2018-06-13,"KS, PT",NA,"1","No Turf_1","38","LONJAP",NA,"No Turf","Site ID"
2018-06-13,"KS, PT",NA,"1","No Turf_1","38","S",NA,"No Turf","Site ID"
2018-06-13,"KS, PT",NA,"1","No Turf_1","39","LONJAP",NA,"No Turf","Site ID"
2018-06-13,"KS, PT",NA,"1","No Turf_1","39","VINMAJ",NA,"No Turf","Site ID"
2018-06-13,"KS, PT",NA,"1","No Turf_1","39","S",NA,"No Turf","Site ID"
2018-06-13,"KS, PT",NA,"1","No Turf_1","40","LONJAP",NA,"No Turf","Site ID"
2018-06-13,"KS, PT",NA,"1","No Turf_1","40","VINMAJ",NA,"No Turf","Site ID"
2018-06-13,"KS, PT",NA,"1","No Turf_1","40","S",NA,"No Turf","Site ID"
2018-06-13,"KS, PT",NA,"1","No Turf_1","41","LONJAP",NA,"No Turf","Site ID"
2018-06-13,"KS, PT",NA,"1","No Turf_1","41","VINMAJ",NA,"No Turf","Site ID"
2018-06-13,"KS, PT",NA,"1","No Turf_1","41","S",NA,"No Turf","Site ID"
2018-06-13,"KS, PT",NA,"1","No Turf_1","42","L",NA,"No Turf","Site ID"
2018-06-13,"KS, PT",NA,"1","No Turf_1","42","B","T. LENGTH 42.37","No Turf","Site ID"
2018-06-13,"KS, PT",NA,"2","No Turf_2","0","IPOHED","(mg)","No Turf","Site ID"
2018-06-13,"KS, PT",NA,"2","No Turf_2","0","S",NA,"No Turf","Site ID"
2018-06-13,"KS, PT",NA,"2","No Turf_2","1","IPOHED","Tree, citrus-y (living RM)","No Turf","Site ID"
2018-06-13,"KS, PT",NA,"2","No Turf_2","1","UK(06)",NA,"No Turf","Site ID"
2018-06-13,"KS, PT",NA,"2","No Turf_2","1","S",NA,"No Turf","Site ID"
2018-06-13,"KS, PT",NA,"2","No Turf_2","2","IPOHED","(pw)","No Turf","Site ID"
2018-06-13,"KS, PT",NA,"2","No Turf_2","2","VINMAJ",NA,"No Turf","Site ID"
2018-06-13,"KS, PT",NA,"2","No Turf_2","2","CYNDAC",NA,"No Turf","Site ID"
2018-06-13,"KS, PT",NA,"2","No Turf_2","2","UK(06)",NA,"No Turf","Site ID"
2018-06-13,"KS, PT",NA,"2","No Turf_2","2","S",NA,"No Turf","Site ID"
2018-06-13,"KS, PT",NA,"2","No Turf_2","3","IPOHED",NA,"No Turf","Site ID"
2018-06-13,"KS, PT",NA,"2","No Turf_2","3","UK(06)",NA,"No Turf","Site ID"
2018-06-13,"KS, PT",NA,"2","No Turf_2","3","S",NA,"No Turf","Site ID"
2018-06-13,"KS, PT",NA,"2","No Turf_2","4","IPOHED",NA,"No Turf","Site ID"
2018-06-13,"KS, PT",NA,"2","No Turf_2","4","CYNDAC",NA,"No Turf","Site ID"
2018-06-13,"KS, PT",NA,"2","No Turf_2","4","UK(06)",NA,"No Turf","Site ID"
2018-06-13,"KS, PT",NA,"2","No Turf_2","4","S",NA,"No Turf","Site ID"
2018-06-13,"KS, PT",NA,"2","No Turf_2","5","IPOHED",NA,"No Turf","Site ID"
2018-06-13,"KS, PT",NA,"2","No Turf_2","5","LONJAP",NA,"No Turf","Site ID"
2018-06-13,"KS, PT",NA,"2","No Turf_2","5","S",NA,"No Turf","Site ID"
2018-06-13,"KS, PT",NA,"2","No Turf_2","6","IPOHED",NA,"No Turf","Site ID"
2018-06-13,"KS, PT",NA,"2","No Turf_2","6","S",NA,"No Turf","Site ID"
2018-06-13,"KS, PT",NA,"2","No Turf_2","7","IPOHED",NA,"No Turf","Site ID"
2018-06-13,"KS, PT",NA,"2","No Turf_2","7","S",NA,"No Turf","Site ID"
2018-06-13,"KS, PT",NA,"2","No Turf_2","8","IPOHED",NA,"No Turf","Site ID"
2018-06-13,"KS, PT",NA,"2","No Turf_2","8","S",NA,"No Turf","Site ID"
2018-06-13,"KS, PT",NA,"2","No Turf_2","9","IPOHED",NA,"No Turf","Site ID"
2018-06-13,"KS, PT",NA,"2","No Turf_2","9","S",NA,"No Turf","Site ID"
2018-06-13,"KS, PT",NA,"2","No Turf_2","10","IPOHED",NA,"No Turf","Site ID"
2018-06-13,"KS, PT",NA,"2","No Turf_2","10","S",NA,"No Turf","Site ID"
2018-06-13,"KS, PT",NA,"2","No Turf_2","11","IPOHED",NA,"No Turf","Site ID"
2018-06-13,"KS, PT",NA,"2","No Turf_2","11","L",NA,"No Turf","Site ID"
2018-06-13,"KS, PT",NA,"2","No Turf_2","12","IPOHED",NA,"No Turf","Site ID"
2018-06-13,"KS, PT",NA,"2","No Turf_2","12","HEDHEL",NA,"No Turf","Site ID"
2018-06-13,"KS, PT",NA,"2","No Turf_2","12","S",NA,"No Turf","Site ID"
2018-06-13,"KS, PT",NA,"2","No Turf_2","13","IPOHED",NA,"No Turf","Site ID"
2018-06-13,"KS, PT",NA,"2","No Turf_2","13","HEDHEL",NA,"No Turf","Site ID"
2018-06-13,"KS, PT",NA,"2","No Turf_2","13","S",NA,"No Turf","Site ID"
2018-06-13,"KS, PT",NA,"2","No Turf_2","14","IPOHED",NA,"No Turf","Site ID"
2018-06-13,"KS, PT",NA,"2","No Turf_2","14","VINMAJ",NA,"No Turf","Site ID"
2018-06-13,"KS, PT",NA,"2","No Turf_2","14","HEDHEL",NA,"No Turf","Site ID"
2018-06-13,"KS, PT",NA,"2","No Turf_2","14","S",NA,"No Turf","Site ID"
2018-06-13,"KS, PT",NA,"2","No Turf_2","15","IPOHED",NA,"No Turf","Site ID"
2018-06-13,"KS, PT",NA,"2","No Turf_2","15","HEDHEL",NA,"No Turf","Site ID"
2018-06-13,"KS, PT",NA,"2","No Turf_2","15","S",NA,"No Turf","Site ID"
2018-06-13,"KS, PT",NA,"2","No Turf_2","16","IPOHED",NA,"No Turf","Site ID"
2018-06-13,"KS, PT",NA,"2","No Turf_2","16","VINMAJ",NA,"No Turf","Site ID"
2018-06-13,"KS, PT",NA,"2","No Turf_2","16","HEDHEL",NA,"No Turf","Site ID"
2018-06-13,"KS, PT",NA,"2","No Turf_2","16","UK(06)",NA,"No Turf","Site ID"
2018-06-13,"KS, PT",NA,"2","No Turf_2","16","S",NA,"No Turf","Site ID"
2018-06-13,"KS, PT",NA,"2","No Turf_2","17","IPOHED",NA,"No Turf","Site ID"
2018-06-13,"KS, PT",NA,"2","No Turf_2","17","VINMAJ",NA,"No Turf","Site ID"
2018-06-13,"KS, PT",NA,"2","No Turf_2","17","UK(06)",NA,"No Turf","Site ID"
2018-06-13,"KS, PT",NA,"2","No Turf_2","17","S",NA,"No Turf","Site ID"
2018-06-13,"KS, PT",NA,"2","No Turf_2","18","UK(06)",NA,"No Turf","Site ID"
2018-06-13,"KS, PT",NA,"2","No Turf_2","18","IPOHED",NA,"No Turf","Site ID"
2018-06-13,"KS, PT",NA,"2","No Turf_2","18","L",NA,"No Turf","Site ID"
2018-06-13,"KS, PT",NA,"2","No Turf_2","19","IPOHED",NA,"No Turf","Site ID"
2018-06-13,"KS, PT",NA,"2","No Turf_2","19","VINMAJ",NA,"No Turf","Site ID"
2018-06-13,"KS, PT",NA,"2","No Turf_2","19","L",NA,"No Turf","Site ID"
2018-06-13,"KS, PT",NA,"2","No Turf_2","20","IPOHED",NA,"No Turf","Site ID"
2018-06-13,"KS, PT",NA,"2","No Turf_2","20","HEDHEL",NA,"No Turf","Site ID"
2018-06-13,"KS, PT",NA,"2","No Turf_2","20","S",NA,"No Turf","Site ID"
2018-06-13,"KS, PT",NA,"2","No Turf_2","21","VINMAJ",NA,"No Turf","Site ID"
2018-06-13,"KS, PT",NA,"2","No Turf_2","21","HEDHEL",NA,"No Turf","Site ID"
2018-06-13,"KS, PT",NA,"2","No Turf_2","21","S",NA,"No Turf","Site ID"
2018-06-13,"KS, PT",NA,"2","No Turf_2","22","VINMAJ",NA,"No Turf","Site ID"
2018-06-13,"KS, PT",NA,"2","No Turf_2","22","HEDHEL",NA,"No Turf","Site ID"
2018-06-13,"KS, PT",NA,"2","No Turf_2","22","B",NA,"No Turf","Site ID"
2018-06-13,"KS, PT",NA,"2","No Turf_2","23","ILECOR","waxy, round leaves ilex coruta (chinese holly) (was UNK7)","No Turf","Site ID"
2018-06-13,"KS, PT",NA,"2","No Turf_2","23","HEDHEL",NA,"No Turf","Site ID"
2018-06-13,"KS, PT",NA,"2","No Turf_2","23","VINMAJ",NA,"No Turf","Site ID"
2018-06-13,"KS, PT",NA,"2","No Turf_2","23","S",NA,"No Turf","Site ID"
2018-06-13,"KS, PT",NA,"2","No Turf_2","24","ILECOR",NA,"No Turf","Site ID"
2018-06-13,"KS, PT",NA,"2","No Turf_2","24","HEDHEL",NA,"No Turf","Site ID"
2018-06-13,"KS, PT",NA,"2","No Turf_2","24","S",NA,"No Turf","Site ID"
2018-06-13,"KS, PT",NA,"2","No Turf_2","25","ILECOR",NA,"No Turf","Site ID"
2018-06-13,"KS, PT",NA,"2","No Turf_2","25","VINMAJ",NA,"No Turf","Site ID"
2018-06-13,"KS, PT",NA,"2","No Turf_2","25","HEDHEL",NA,"No Turf","Site ID"
2018-06-13,"KS, PT",NA,"2","No Turf_2","25","S",NA,"No Turf","Site ID"
2018-06-13,"KS, PT",NA,"2","No Turf_2","26","HEDHEL",NA,"No Turf","Site ID"
2018-06-13,"KS, PT",NA,"2","No Turf_2","26","VINMAJ",NA,"No Turf","Site ID"
2018-06-13,"KS, PT",NA,"2","No Turf_2","26","S",NA,"No Turf","Site ID"
2018-06-13,"KS, PT",NA,"2","No Turf_2","27","VINMAJ",NA,"No Turf","Site ID"
2018-06-13,"KS, PT",NA,"2","No Turf_2","27","HEDHEL",NA,"No Turf","Site ID"
2018-06-13,"KS, PT",NA,"2","No Turf_2","27","S",NA,"No Turf","Site ID"
2018-06-13,"KS, PT",NA,"2","No Turf_2","28","HEDHEL",NA,"No Turf","Site ID"
2018-06-13,"KS, PT",NA,"2","No Turf_2","28","S",NA,"No Turf","Site ID"
2018-06-13,"KS, PT",NA,"2","No Turf_2","29","VINMAJ",NA,"No Turf","Site ID"
2018-06-13,"KS, PT",NA,"2","No Turf_2","29","HEDHEL",NA,"No Turf","Site ID"
2018-06-13,"KS, PT",NA,"2","No Turf_2","29","S",NA,"No Turf","Site ID"
2018-06-13,"KS, PT",NA,"2","No Turf_2","30","VINMAJ",NA,"No Turf","Site ID"
2018-06-13,"KS, PT",NA,"2","No Turf_2","30","HEDHEL",NA,"No Turf","Site ID"
2018-06-13,"KS, PT",NA,"2","No Turf_2","30","LONJAP",NA,"No Turf","Site ID"
2018-06-13,"KS, PT",NA,"2","No Turf_2","30","S",NA,"No Turf","Site ID"
2018-06-13,"KS, PT",NA,"2","No Turf_2","31","VINMAJ",NA,"No Turf","Site ID"
2018-06-13,"KS, PT",NA,"2","No Turf_2","31","HEDHEL",NA,"No Turf","Site ID"
2018-06-13,"KS, PT",NA,"2","No Turf_2","31","LONJAP",NA,"No Turf","Site ID"
2018-06-13,"KS, PT",NA,"2","No Turf_2","31","S",NA,"No Turf","Site ID"
2018-06-13,"KS, PT",NA,"2","No Turf_2","32","VINMAJ",NA,"No Turf","Site ID"
2018-06-13,"KS, PT",NA,"2","No Turf_2","32","HEDHEL",NA,"No Turf","Site ID"
2018-06-13,"KS, PT",NA,"2","No Turf_2","32","LONJAP",NA,"No Turf","Site ID"
2018-06-13,"KS, PT",NA,"2","No Turf_2","32","S",NA,"No Turf","Site ID"
2018-06-13,"KS, PT",NA,"2","No Turf_2","33","HEDHEL",NA,"No Turf","Site ID"
2018-06-13,"KS, PT",NA,"2","No Turf_2","33","UK(05)",NA,"No Turf","Site ID"
2018-06-13,"KS, PT",NA,"2","No Turf_2","33","S",NA,"No Turf","Site ID"
2018-06-13,"KS, PT",NA,"2","No Turf_2","34","HEDHEL",NA,"No Turf","Site ID"
2018-06-13,"KS, PT",NA,"2","No Turf_2","34","UK(05)",NA,"No Turf","Site ID"
2018-06-13,"KS, PT",NA,"2","No Turf_2","34","S",NA,"No Turf","Site ID"
2018-06-13,"KS, PT",NA,"2","No Turf_2","35","HEDHEL",NA,"No Turf","Site ID"
2018-06-13,"KS, PT",NA,"2","No Turf_2","35","L",NA,"No Turf","Site ID"
2018-06-13,"KS, PT",NA,"2","No Turf_2","36","HEDHEL",NA,"No Turf","Site ID"
2018-06-13,"KS, PT",NA,"2","No Turf_2","36","UK(05)",NA,"No Turf","Site ID"
2018-06-13,"KS, PT",NA,"2","No Turf_2","36","L",NA,"No Turf","Site ID"
2018-06-13,"KS, PT",NA,"2","No Turf_2","37","VINMAJ",NA,"No Turf","Site ID"
2018-06-13,"KS, PT",NA,"2","No Turf_2","37","UK(05)",NA,"No Turf","Site ID"
2018-06-13,"KS, PT",NA,"2","No Turf_2","37","L",NA,"No Turf","Site ID"
2018-06-13,"KS, PT",NA,"2","No Turf_2","38","UK(05)",NA,"No Turf","Site ID"
2018-06-13,"KS, PT",NA,"2","No Turf_2","38","UK(06)",NA,"No Turf","Site ID"
2018-06-13,"KS, PT",NA,"2","No Turf_2","38","L",NA,"No Turf","Site ID"
2018-06-13,"KS, PT",NA,"2","No Turf_2","39","LONJAP",NA,"No Turf","Site ID"
2018-06-13,"KS, PT",NA,"2","No Turf_2","39","VINMAJ",NA,"No Turf","Site ID"
2018-06-13,"KS, PT",NA,"2","No Turf_2","39","UK(05)",NA,"No Turf","Site ID"
2018-06-13,"KS, PT",NA,"2","No Turf_2","39","L",NA,"No Turf","Site ID"
2018-06-13,"KS, PT",NA,"2","No Turf_2","40","LONJAP",NA,"No Turf","Site ID"
2018-06-13,"KS, PT",NA,"2","No Turf_2","40","L",NA,"No Turf","Site ID"
2018-06-13,"KS, PT",NA,"2","No Turf_2","41","UK(06)",NA,"No Turf","Site ID"
2018-06-13,"KS, PT",NA,"2","No Turf_2","41","LONJAP",NA,"No Turf","Site ID"
2018-06-13,"KS, PT",NA,"2","No Turf_2","41","HEDHEL",NA,"No Turf","Site ID"
2018-06-13,"KS, PT",NA,"2","No Turf_2","41","VINMAJ",NA,"No Turf","Site ID"
2018-06-13,"KS, PT",NA,"2","No Turf_2","41","S",NA,"No Turf","Site ID"
2018-06-13,"KS, PT",NA,"2","No Turf_2","42","UK(06)",NA,"No Turf","Site ID"
2018-06-13,"KS, PT",NA,"2","No Turf_2","42","HEDHEL",NA,"No Turf","Site ID"
2018-06-13,"KS, PT",NA,"2","No Turf_2","42","VINMAJ",NA,"No Turf","Site ID"
2018-06-13,"KS, PT",NA,"2","No Turf_2","42","LONJAP",NA,"No Turf","Site ID"
2018-06-13,"KS, PT",NA,"2","No Turf_2","42","L",NA,"No Turf","Site ID"
2018-06-13,"KS, PT",NA,"2","No Turf_2","43","UK(06)",NA,"No Turf","Site ID"
2018-06-13,"KS, PT",NA,"2","No Turf_2","43","VINMAJ",NA,"No Turf","Site ID"
2018-06-13,"KS, PT",NA,"2","No Turf_2","43","L","43.8m","No Turf","Site ID"
NA,NA,NA,NA,"_",NA,NA,NA,NA,"Site ID"
NA,NA,NA,NA,"_",NA,NA,NA,NA,"Site ID"
NA,NA,NA,NA,"_",NA,NA,NA,NA,"Site ID"
NA,NA,NA,NA,"_",NA,NA,NA,NA,"Site ID"
NA,NA,NA,NA,"_",NA,NA,NA,NA,"Site ID"
NA,NA,NA,NA,"_",NA,NA,NA,NA,"Site ID"
NA,NA,NA,NA,"_",NA,NA,NA,NA,"Site ID"
NA,NA,NA,NA,"_",NA,NA,NA,NA,"Site ID"
NA,NA,NA,NA,"_",NA,NA,NA,NA,"Site ID"
NA,NA,NA,NA,"_",NA,NA,NA,NA,"Site ID"
NA,NA,NA,NA,"_",NA,NA,NA,NA,"Site ID"
NA,NA,NA,NA,"_",NA,NA,NA,NA,"Site ID"
NA,NA,NA,NA,"_",NA,NA,NA,NA,"Site ID"
NA,NA,NA,NA,"_",NA,NA,NA,NA,"Site ID"
NA,NA,NA,NA,"_",NA,NA,NA,NA,"Site ID"
NA,NA,NA,NA,"_",NA,NA,NA,NA,"Site ID"
NA,NA,NA,NA,"_",NA,NA,NA,NA,"Site ID"
NA,NA,NA,NA,"_",NA,NA,NA,NA,"Site ID"
NA,NA,NA,NA,"_",NA,NA,NA,NA,"Site ID"
NA,NA,NA,NA,"_",NA,NA,NA,NA,"Site ID"
NA,NA,NA,NA,"_",NA,NA,NA,NA,"Site ID"
NA,NA,NA,NA,"_",NA,NA,NA,NA,"Site ID"
NA,NA,NA,NA,"_",NA,NA,NA,NA,"Site ID"
NA,NA,NA,NA,"_",NA,NA,NA,NA,"Site ID"
NA,NA,NA,NA,"_",NA,NA,NA,NA,"Site ID"
NA,NA,NA,NA,"_",NA,NA,NA,NA,"Site ID"
NA,NA,NA,NA,"_",NA,NA,NA,NA,"Site ID"
NA,NA,NA,NA,"_",NA,NA,NA,NA,"Site ID"
NA,NA,NA,NA,"_",NA,NA,NA,NA,"Site ID"
NA,NA,NA,NA,"_",NA,NA,NA,NA,"Site ID"
NA,NA,NA,NA,"_",NA,NA,NA,NA,"Site ID"
NA,NA,NA,NA,"_",NA,NA,NA,NA,"Site ID"
NA,NA,NA,NA,"_",NA,NA,NA,NA,"Site ID"
NA,NA,NA,NA,"_",NA,NA,NA,NA,"Site ID"
NA,NA,NA,NA,"_",NA,NA,NA,NA,"Site ID"
NA,NA,NA,NA,"_",NA,NA,NA,NA,"Site ID"
NA,NA,NA,NA,"_",NA,NA,NA,NA,"Site ID"
NA,NA,NA,NA,"_",NA,NA,NA,NA,"Site ID"
NA,NA,NA,NA,"_",NA,NA,NA,NA,"Site ID"
NA,NA,NA,NA,"_",NA,NA,NA,NA,"Site ID"
NA,NA,NA,NA,"_",NA,NA,NA,NA,"Site ID"
NA,NA,NA,NA,"_",NA,NA,NA,NA,"Site ID"
NA,NA,NA,NA,"_",NA,NA,NA,NA,"Site ID"
NA,NA,NA,NA,"_",NA,NA,NA,NA,"Site ID"
NA,NA,NA,NA,"_",NA,NA,NA,NA,"Site ID"
NA,NA,NA,NA,"_",NA,NA,NA,NA,"Site ID"
NA,NA,NA,NA,"_",NA,NA,NA,NA,"Site ID"
NA,NA,NA,NA,"_",NA,NA,NA,NA,"Site ID"
NA,NA,NA,NA,"_",NA,NA,NA,NA,"Site ID"
NA,NA,NA,NA,"_",NA,NA,NA,NA,"Site ID"
NA,NA,NA,NA,"_",NA,NA,NA,NA,"Site ID"
NA,NA,NA,NA,"_",NA,NA,NA,NA,"Site ID"
NA,NA,NA,NA,"_",NA,NA,NA,NA,"Site ID"
NA,NA,NA,NA,"_",NA,NA,NA,NA,"Site ID"
2019-02-12,"PN,KS,PT","Turf","1.0","Turf_1","0.0","F",NA,NA,NA
2019-02-12,"PN,KS,PT","Turf","1.0","Turf_1","1.0","F",NA,NA,NA
2019-02-12,"PN,KS,PT","Turf","1.0","Turf_1","1.0","DAUCAR",NA,NA,NA
2019-02-12,"PN,KS,PT","Turf","1.0","Turf_1","2.0","W",NA,NA,NA
2019-02-12,"PN,KS,PT","Turf","1.0","Turf_1","3.0","F",NA,NA,NA
2019-02-12,"PN,KS,PT","Turf","1.0","Turf_1","3.0","ANAARV",NA,NA,NA
2019-02-12,"PN,KS,PT","Turf","1.0","Turf_1","4.0","F",NA,NA,NA
2019-02-12,"PN,KS,PT","Turf","1.0","Turf_1","5.0","F",NA,NA,NA
2019-02-12,"PN,KS,PT","Turf","1.0","Turf_1","5.0","PERATR",NA,NA,NA
2019-02-12,"PN,KS,PT","Turf","1.0","Turf_1","6.0","F",NA,NA,NA
2019-02-12,"PN,KS,PT","Turf","1.0","Turf_1","7.0","W",NA,NA,NA
2019-02-12,"PN,KS,PT","Turf","1.0","Turf_1","8.0","F",NA,NA,NA
2019-02-12,"PN,KS,PT","Turf","1.0","Turf_1","9.0","F",NA,NA,NA
2019-02-12,"PN,KS,PT","Turf","1.0","Turf_1","9.0","EPICAN",NA,NA,NA
2019-02-12,"PN,KS,PT","Turf","1.0","Turf_1","10.0","F",NA,NA,NA
2019-02-12,"PN,KS,PT","Turf","1.0","Turf_1","11.0","L",NA,NA,NA
2019-02-12,"PN,KS,PT","Turf","1.0","Turf_1","12.0","L",NA,NA,NA
2019-02-12,"PN,KS,PT","Turf","1.0","Turf_1","12.0","ERIFAS",NA,NA,NA
2019-02-12,"PN,KS,PT","Turf","1.0","Turf_1","13.0","W",NA,NA,NA
2019-02-12,"PN,KS,PT","Turf","1.0","Turf_1","14.0","F",NA,NA,NA
2019-02-12,"PN,KS,PT","Turf","1.0","Turf_1","15.0","F",NA,NA,NA
2019-02-12,"PN,KS,PT","Turf","1.0","Turf_1","15.0","ERIFAS",NA,NA,NA
2019-02-12,"PN,KS,PT","Turf","1.0","Turf_1","16.0","L",NA,NA,NA
2019-02-12,"PN,KS,PT","Turf","1.0","Turf_1","17.0","F",NA,NA,NA
2019-02-12,"PN,KS,PT","Turf","1.0","Turf_1","17.0","ERIFAS",NA,NA,NA
2019-02-12,"PN,KS,PT","Turf","1.0","Turf_1","18.0","F",NA,NA,NA
2019-02-12,"PN,KS,PT","Turf","1.0","Turf_1","19.0","F",NA,NA,NA
2019-02-12,"PN,KS,PT","Turf","1.0","Turf_1","20.0","F",NA,NA,NA
2019-02-12,"PN,KS,PT","Turf","1.0","Turf_1","21.0","L",NA,NA,NA
2019-02-12,"PN,KS,PT","Turf","1.0","Turf_1","21.0","OXACOR",NA,NA,NA
2019-02-12,"PN,KS,PT","Turf","1.0","Turf_1","21.0","UNK 1","SOFT & HAIRY",NA,NA
2019-02-12,"PN,KS,PT","Turf","1.0","Turf_1","22.0","RO",NA,NA,NA
2019-02-12,"PN,KS,PT","Turf","1.0","Turf_1","23.0","F",NA,NA,NA
2019-02-12,"PN,KS,PT","Turf","1.0","Turf_1","24.0","W",NA,NA,NA
2019-02-12,"PN,KS,PT","Turf","1.0","Turf_1","24.0","CYNDAC",NA,NA,NA
2019-02-12,"PN,KS,PT","Turf","1.0","Turf_1","25.0","F",NA,NA,NA
2019-02-12,"PN,KS,PT","Turf","1.0","Turf_1","26.0","W",NA,NA,NA
2019-02-12,"PN,KS,PT","Turf","1.0","Turf_1","26.0","DAUCAR",NA,NA,NA
2019-02-12,"PN,KS,PT","Turf","1.0","Turf_1","27.0","F",NA,NA,NA
2019-02-12,"PN,KS,PT","Turf","1.0","Turf_1","28.0","F",NA,NA,NA
2019-02-12,"PN,KS,PT","Turf","1.0","Turf_1","29.0","F",NA,NA,NA
2019-02-12,"PN,KS,PT","Turf","1.0","Turf_1","30.0","W",NA,NA,NA
2019-02-12,"PN,KS,PT","Turf","1.0","Turf_1","31.0","W",NA,NA,NA
2019-02-12,"PN,KS,PT","Turf","1.0","Turf_1","32.0","F",NA,NA,NA
2019-02-12,"PN,KS,PT","Turf","1.0","Turf_1","33.0","F",NA,NA,NA
2019-02-12,"PN,KS,PT","Turf","1.0","Turf_1","33.0","ERIFAS",NA,NA,NA
2019-02-12,"PN,KS,PT","Turf","1.0","Turf_1","34.0","F",NA,NA,NA
2019-02-12,"PN,KS,PT","Turf","1.0","Turf_1","34.0","ANAARV",NA,NA,NA
2019-02-12,"PN,KS,PT","Turf","1.0","Turf_1","35.0","F",NA,NA,NA
2019-02-12,"PN,KS,PT","Turf","1.0","Turf_1","35.0","ERIFAS",NA,NA,NA
2019-02-12,"PN,KS,PT","Turf","1.0","Turf_1","36.0","F",NA,NA,NA
2019-02-12,"PN,KS,PT","Turf","1.0","Turf_1","37.0","L",NA,NA,NA
2019-02-12,"PN,KS,PT","Turf","1.0","Turf_1","38.0","L",NA,NA,NA
2019-02-12,"PN,KS,PT","Turf","1.0","Turf_1","39.0","W",NA,NA,NA
2019-02-12,"PN,KS,PT","Turf","1.0","Turf_1","40.0","F",NA,NA,NA
2019-02-12,"PN,KS,PT","Turf","1.0","Turf_1","41.0","L",NA,NA,NA
2019-02-12,"PN,KS,PT","Turf","1.0","Turf_1","42.0","F",NA,NA,NA
2019-02-12,"PN,KS,PT","Turf","1.0","Turf_1","43.0","L",NA,NA,NA
2019-02-12,"PN,KS,PT","Turf","1.0","Turf_1","44.0","L",NA,NA,NA
2019-02-12,"PN,KS,PT","Turf","1.0","Turf_1","45.0","L",NA,NA,NA
2019-02-12,"PN,KS,PT","Turf","1.0","Turf_1","46.0","L",NA,NA,NA
2019-02-12,"PN,KS,PT","Turf","1.0","Turf_1","47.0","F",NA,NA,NA
2019-02-12,"PN,KS,PT","Turf","1.0","Turf_1","48.0","F",NA,NA,NA
2019-02-12,"PN,KS,PT","Turf","1.0","Turf_1","48.0","ROSOFF",NA,NA,NA
2019-02-12,"PN,KS,PT","Turf","1.0","Turf_1","49.0","L",NA,NA,NA
2019-02-12,"PN,KS,PT","Turf","1.0","Turf_1","50.0","L",NA,NA,NA
2019-02-12,"PN,KS,PT","Turf","1.0","Turf_1","51.0","L",NA,NA,NA
2019-02-12,"PN,KS,PT","Turf","1.0","Turf_1","51.0","RHAIND",NA,NA,NA
2019-02-12,"PN,KS,PT","Turf","1.0","Turf_1","52.0","L",NA,NA,NA
2019-02-12,"PN,KS,PT","Turf","1.0","Turf_1","53.0","L",NA,NA,NA
2019-02-12,"PN,KS,PT","No Turf","2.0","No Turf_2","0.0","W",NA,NA,NA
2019-02-12,"PN,KS,PT","No Turf","2.0","No Turf_2","1.0","F",NA,NA,NA
2019-02-12,"PN,KS,PT","No Turf","2.0","No Turf_2","1.0","DAUCAR",NA,NA,NA
2019-02-12,"PN,KS,PT","No Turf","2.0","No Turf_2","1.0","ANAARV",NA,NA,NA
2019-02-12,"PN,KS,PT","No Turf","2.0","No Turf_2","2.0","W",NA,NA,NA
2019-02-12,"PN,KS,PT","No Turf","2.0","No Turf_2","2.0","ANAARV",NA,NA,NA
2019-02-12,"PN,KS,PT","No Turf","2.0","No Turf_2","3.0","F",NA,NA,NA
2019-02-12,"PN,KS,PT","No Turf","2.0","No Turf_2","4.0","B",NA,NA,NA
2019-02-12,"PN,KS,PT","No Turf","2.0","No Turf_2","4.0","EUPALB",NA,NA,NA
2019-02-12,"PN,KS,PT","No Turf","2.0","No Turf_2","5.0","B",NA,NA,NA
2019-02-12,"PN,KS,PT","No Turf","2.0","No Turf_2","5.0","UNK 2","UNK 2 NOT HAIRY",NA,NA
2019-02-12,"PN,KS,PT","No Turf","2.0","No Turf_2","5.0","ANAARV",NA,NA,NA
2019-02-12,"PN,KS,PT","No Turf","2.0","No Turf_2","6.0","F",NA,NA,NA
2019-02-12,"PN,KS,PT","No Turf","2.0","No Turf_2","6.0","DAUCAR",NA,NA,NA
2019-02-12,"PN,KS,PT","No Turf","2.0","No Turf_2","7.0","B",NA,NA,NA
2019-02-12,"PN,KS,PT","No Turf","2.0","No Turf_2","7.0","UNK 3",NA,NA,NA
2019-02-12,"PN,KS,PT","No Turf","2.0","No Turf_2","8.0","F",NA,NA,NA
2019-02-12,"PN,KS,PT","No Turf","2.0","No Turf_2","8.0","SONASP",NA,NA,NA
2019-02-12,"PN,KS,PT","No Turf","2.0","No Turf_2","9.0","B",NA,NA,NA
2019-02-12,"PN,KS,PT","No Turf","2.0","No Turf_2","10.0","W",NA,NA,NA
2019-02-12,"PN,KS,PT","No Turf","2.0","No Turf_2","10.0","SOLNIG",NA,NA,NA
2019-02-12,"PN,KS,PT","No Turf","2.0","No Turf_2","11.0","F",NA,NA,NA
2019-02-12,"PN,KS,PT","No Turf","2.0","No Turf_2","11.0","SONOLE",NA,NA,NA
2019-02-12,"PN,KS,PT","No Turf","2.0","No Turf_2","12.0","L",NA,NA,NA
2019-02-12,"PN,KS,PT","No Turf","2.0","No Turf_2","12.0","SONOLE",NA,NA,NA
2019-02-12,"PN,KS,PT","No Turf","2.0","No Turf_2","12.0","SOLNIG",NA,NA,NA
2019-02-12,"PN,KS,PT","No Turf","2.0","No Turf_2","12.0","ANAARV",NA,NA,NA
2019-02-12,"PN,KS,PT","No Turf","2.0","No Turf_2","13.0","F",NA,NA,NA
2019-02-12,"PN,KS,PT","No Turf","2.0","No Turf_2","13.0","SONOLE",NA,NA,NA
2019-02-12,"PN,KS,PT","No Turf","2.0","No Turf_2","13.0","ANAARV",NA,NA,NA
2019-02-12,"PN,KS,PT","No Turf","2.0","No Turf_2","14.0","S",NA,NA,NA
2019-02-12,"PN,KS,PT","No Turf","2.0","No Turf_2","14.0","ANAARV",NA,NA,NA
2019-02-12,"PN,KS,PT","No Turf","2.0","No Turf_2","15.0","F",NA,NA,NA
2019-02-12,"PN,KS,PT","No Turf","2.0","No Turf_2","15.0","SOLNIG",NA,NA,NA
2019-02-12,"PN,KS,PT","No Turf","2.0","No Turf_2","15.0","SONASP",NA,NA,NA
2019-02-12,"PN,KS,PT","No Turf","2.0","No Turf_2","16.0","F",NA,NA,NA
2019-02-12,"PN,KS,PT","No Turf","2.0","No Turf_2","16.0","SOLNIG",NA,NA,NA
2019-02-12,"PN,KS,PT","No Turf","2.0","No Turf_2","17.0","B",NA,NA,NA
2019-02-12,"PN,KS,PT","No Turf","2.0","No Turf_2","17.0","SOLNIG",NA,NA,NA
2019-02-12,"PN,KS,PT","No Turf","2.0","No Turf_2","18.0","F",NA,NA,NA
2019-02-12,"PN,KS,PT","No Turf","2.0","No Turf_2","19.0","F",NA,NA,NA
2019-02-12,"PN,KS,PT","No Turf","2.0","No Turf_2","20.0","F",NA,NA,NA
2019-02-12,"PN,KS,PT","No Turf","2.0","No Turf_2","21.0","W",NA,NA,NA
2019-02-12,"PN,KS,PT","No Turf","2.0","No Turf_2","21.0","UNK 3",NA,NA,NA
2019-02-12,"PN,KS,PT","No Turf","2.0","No Turf_2","22.0","W",NA,NA,NA
2019-02-12,"PN,KS,PT","No Turf","2.0","No Turf_2","22.0","SONASP",NA,NA,NA
2019-02-12,"PN,KS,PT","No Turf","2.0","No Turf_2","23.0","L",NA,NA,NA
2019-02-12,"PN,KS,PT","No Turf","2.0","No Turf_2","23.0","SOLNIG",NA,NA,NA
2019-02-12,"PN,KS,PT","No Turf","2.0","No Turf_2","24.0","F",NA,NA,NA
2019-02-12,"PN,KS,PT","No Turf","2.0","No Turf_2","25.0","B",NA,NA,NA
2019-02-12,"PN,KS,PT","No Turf","2.0","No Turf_2","26.0","F",NA,NA,NA
2019-02-12,"PN,KS,PT","No Turf","2.0","No Turf_2","27.0","F",NA,NA,NA
2019-02-12,"PN,KS,PT","No Turf","2.0","No Turf_2","28.0","F",NA,NA,NA
2019-02-12,"PN,KS,PT","No Turf","2.0","No Turf_2","29.0","F",NA,NA,NA
2019-02-12,"PN,KS,PT","No Turf","2.0","No Turf_2","30.0","F",NA,NA,NA
2019-02-12,"PN,KS,PT","No Turf","2.0","No Turf_2","31.0","F",NA,NA,NA
2019-02-12,"PN,KS,PT","No Turf","2.0","No Turf_2","31.0","UNK 4",NA,NA,NA
2019-02-12,"PN,KS,PT","No Turf","2.0","No Turf_2","32.0","F",NA,NA,NA
2019-02-12,"PN,KS,PT","No Turf","2.0","No Turf_2","33.0","F",NA,NA,NA
2019-02-12,"PN,KS,PT","No Turf","2.0","No Turf_2","34.0","W",NA,NA,NA
2019-02-12,"PN,KS,PT","No Turf","2.0","No Turf_2","34.0","SONASP",NA,NA,NA
2019-02-12,"PN,KS,PT","No Turf","2.0","No Turf_2","35.0","F",NA,NA,NA
2019-02-12,"PN,KS,PT","No Turf","2.0","No Turf_2","35.0","SONASP",NA,NA,NA
2019-02-12,"PN,KS,PT","No Turf","2.0","No Turf_2","36.0","F",NA,NA,NA
2019-02-12,"PN,KS,PT","No Turf","2.0","No Turf_2","37.0","F",NA,NA,NA
2019-02-12,"PN,KS,PT","No Turf","2.0","No Turf_2","38.0","F",NA,NA,NA
2019-02-12,"PN,KS,PT","No Turf","2.0","No Turf_2","39.0","F",NA,NA,NA
2019-02-12,"PN,KS,PT","No Turf","2.0","No Turf_2","40.0","F",NA,NA,NA
2019-02-12,"PN,KS,PT","No Turf","2.0","No Turf_2","41.0","F",NA,NA,NA
2019-02-12,"PN,KS,PT","No Turf","2.0","No Turf_2","41.0","SONOLE",NA,NA,NA
2019-02-12,"PN,KS,PT","No Turf","2.0","No Turf_2","42.0","W",NA,NA,NA
2019-02-12,"PN,KS,PT","No Turf","2.0","No Turf_2","42.0","SONOLE",NA,NA,NA
2019-02-12,"PN,KS,PT","No Turf","2.0","No Turf_2","43.0","F",NA,NA,NA
2019-02-12,"PN,KS,PT","No Turf","2.0","No Turf_2","43.0","ELAPUN",NA,NA,NA
2019-02-12,"PN,KS,PT","No Turf","1.0","No Turf_1","0.0","W",NA,NA,NA
2019-02-12,"PN,KS,PT","No Turf","1.0","No Turf_1","0.0","ANAARV",NA,NA,NA
2019-02-12,"PN,KS,PT","No Turf","1.0","No Turf_1","1.0","L",NA,NA,NA
2019-02-12,"PN,KS,PT","No Turf","1.0","No Turf_1","2.0","F",NA,NA,NA
2019-02-12,"PN,KS,PT","No Turf","1.0","No Turf_1","2.0","SALCLE",NA,NA,NA
2019-02-12,"PN,KS,PT","No Turf","1.0","No Turf_1","3.0","F",NA,NA,NA
2019-02-12,"PN,KS,PT","No Turf","1.0","No Turf_1","4.0","W",NA,NA,NA
2019-02-12,"PN,KS,PT","No Turf","1.0","No Turf_1","4.0","ANAARV",NA,NA,NA
2019-02-12,"PN,KS,PT","No Turf","1.0","No Turf_1","5.0","F",NA,NA,NA
2019-02-12,"PN,KS,PT","No Turf","1.0","No Turf_1","5.0","ERIFAS",NA,NA,NA
2019-02-12,"PN,KS,PT","No Turf","1.0","No Turf_1","5.0","CYNDAC",NA,NA,NA
2019-02-12,"PN,KS,PT","No Turf","1.0","No Turf_1","6.0","W",NA,NA,NA
2019-02-12,"PN,KS,PT","No Turf","1.0","No Turf_1","6.0","ANAARV",NA,NA,NA
2019-02-12,"PN,KS,PT","No Turf","1.0","No Turf_1","7.0","L",NA,NA,NA
2019-02-12,"PN,KS,PT","No Turf","1.0","No Turf_1","7.0","ENCCAL",NA,NA,NA
2019-02-12,"PN,KS,PT","No Turf","1.0","No Turf_1","8.0","L",NA,NA,NA
2019-02-12,"PN,KS,PT","No Turf","1.0","No Turf_1","8.0","ENCCAL",NA,NA,NA
2019-02-12,"PN,KS,PT","No Turf","1.0","No Turf_1","9.0","F",NA,NA,NA
2019-02-12,"PN,KS,PT","No Turf","1.0","No Turf_1","9.0","SONCLE",NA,NA,NA
2019-02-12,"PN,KS,PT","No Turf","1.0","No Turf_1","9.0","ERIFAS",NA,NA,NA
2019-02-12,"PN,KS,PT","No Turf","1.0","No Turf_1","10.0","F",NA,NA,NA
2019-02-12,"PN,KS,PT","No Turf","1.0","No Turf_1","10.0","ERIFAS",NA,NA,NA
2019-02-12,"PN,KS,PT","No Turf","1.0","No Turf_1","11.0","F",NA,NA,NA
2019-02-12,"PN,KS,PT","No Turf","1.0","No Turf_1","11.0","ENCCAL",NA,NA,NA
2019-02-12,"PN,KS,PT","No Turf","1.0","No Turf_1","12.0","F",NA,NA,NA
2019-02-12,"PN,KS,PT","No Turf","1.0","No Turf_1","12.0","ENCCAL",NA,NA,NA
2019-02-12,"PN,KS,PT","No Turf","1.0","No Turf_1","12.0","ERIFAS",NA,NA,NA
2019-02-12,"PN,KS,PT","No Turf","1.0","No Turf_1","13.0","F",NA,NA,NA
2019-02-12,"PN,KS,PT","No Turf","1.0","No Turf_1","14.0","L",NA,NA,NA
2019-02-12,"PN,KS,PT","No Turf","1.0","No Turf_1","14.0","ERIFAS",NA,NA,NA
2019-02-12,"PN,KS,PT","No Turf","1.0","No Turf_1","15.0","L",NA,NA,NA
2019-02-12,"PN,KS,PT","No Turf","1.0","No Turf_1","16.0","L",NA,NA,NA
2019-02-12,"PN,KS,PT","No Turf","1.0","No Turf_1","16.0","SALCLE",NA,NA,NA
2019-02-12,"PN,KS,PT","No Turf","1.0","No Turf_1","17.0","L",NA,NA,NA
2019-02-12,"PN,KS,PT","No Turf","1.0","No Turf_1","17.0","ERIFAS",NA,NA,NA
2019-02-12,"PN,KS,PT","No Turf","1.0","No Turf_1","18.0","F",NA,NA,NA
2019-02-12,"PN,KS,PT","No Turf","1.0","No Turf_1","19.0","W",NA,NA,NA
2019-02-12,"PN,KS,PT","No Turf","1.0","No Turf_1","19.0","ANAARV",NA,NA,NA
2019-02-12,"PN,KS,PT","No Turf","1.0","No Turf_1","19.0","ERIFAS",NA,NA,NA
2019-02-12,"PN,KS,PT","No Turf","1.0","No Turf_1","20.0","W",NA,NA,NA
2019-02-12,"PN,KS,PT","No Turf","1.0","No Turf_1","21.0","F",NA,NA,NA
2019-02-12,"PN,KS,PT","No Turf","1.0","No Turf_1","22.0","S",NA,NA,NA
2019-02-12,"PN,KS,PT","No Turf","1.0","No Turf_1","22.0","ANAARV",NA,NA,NA
2019-02-12,"PN,KS,PT","No Turf","1.0","No Turf_1","23.0","F",NA,NA,NA
2019-02-12,"PN,KS,PT","No Turf","1.0","No Turf_1","24.0","F",NA,NA,NA
2019-02-12,"PN,KS,PT","No Turf","1.0","No Turf_1","25.0","F",NA,NA,NA
2019-02-12,"PN,KS,PT","No Turf","1.0","No Turf_1","26.0","F",NA,NA,NA
2019-02-12,"PN,KS,PT","No Turf","1.0","No Turf_1","27.0","W",NA,NA,NA
2019-02-12,"PN,KS,PT","No Turf","1.0","No Turf_1","27.0","ANAARV",NA,NA,NA
2019-02-12,"PN,KS,PT","No Turf","1.0","No Turf_1","28.0","F",NA,NA,NA
2019-02-12,"PN,KS,PT","No Turf","1.0","No Turf_1","29.0","F",NA,NA,NA
2019-02-12,"PN,KS,PT","No Turf","1.0","No Turf_1","30.0","F",NA,NA,NA
2019-02-12,"PN,KS,PT","No Turf","1.0","No Turf_1","31.0","F",NA,NA,NA
2019-02-12,"PN,KS,PT","No Turf","1.0","No Turf_1","32.0","F",NA,NA,NA
2019-02-12,"PN,KS,PT","No Turf","1.0","No Turf_1","33.0","F",NA,NA,NA
2019-02-12,"PN,KS,PT","No Turf","1.0","No Turf_1","34.0","F",NA,NA,NA
2019-02-12,"PN,KS,PT","No Turf","1.0","No Turf_1","35.0","F",NA,NA,NA
2019-02-12,"PN,KS,PT","No Turf","1.0","No Turf_1","36.0","F",NA,NA,NA
2019-02-12,"PN,KS,PT","No Turf","1.0","No Turf_1","37.0","F",NA,NA,NA
2019-02-12,"PN,KS,PT","No Turf","1.0","No Turf_1","38.0","F",NA,NA,NA
2019-02-12,"PN,KS,PT","No Turf","1.0","No Turf_1","39.0","F",NA,NA,NA
2019-02-12,"PN,KS,PT","No Turf","1.0","No Turf_1","40.0","F",NA,NA,NA
2019-02-12,"PN,KS,PT","No Turf","1.0","No Turf_1","41.0","F",NA,NA,NA
2019-02-12,"PN,KS,PT","No Turf","1.0","No Turf_1","42.0","F",NA,NA,NA
2019-02-12,"PN,KS,PT","Turf","2.0","Turf_2","0.0","F",NA,NA,NA
2019-02-12,"PN,KS,PT","Turf","2.0","Turf_2","0.0","DAUCAR",NA,NA,NA
2019-02-12,"PN,KS,PT","Turf","2.0","Turf_2","1.0","F",NA,NA,NA
2019-02-12,"PN,KS,PT","Turf","2.0","Turf_2","2.0","F",NA,NA,NA
2019-02-12,"PN,KS,PT","Turf","2.0","Turf_2","3.0","W",NA,NA,NA
2019-02-12,"PN,KS,PT","Turf","2.0","Turf_2","3.0","DAUCAR",NA,NA,NA
2019-02-12,"PN,KS,PT","Turf","2.0","Turf_2","4.0","W",NA,NA,NA
2019-02-12,"PN,KS,PT","Turf","2.0","Turf_2","5.0","F",NA,NA,NA
2019-02-12,"PN,KS,PT","Turf","2.0","Turf_2","5.0","DAUCAR",NA,NA,NA
2019-02-12,"PN,KS,PT","Turf","2.0","Turf_2","6.0","W",NA,NA,NA
2019-02-12,"PN,KS,PT","Turf","2.0","Turf_2","7.0","W",NA,NA,NA
2019-02-12,"PN,KS,PT","Turf","2.0","Turf_2","8.0","W",NA,NA,NA
2019-02-12,"PN,KS,PT","Turf","2.0","Turf_2","9.0","F",NA,NA,NA
2019-02-12,"PN,KS,PT","Turf","2.0","Turf_2","10.0","F",NA,NA,NA
2019-02-12,"PN,KS,PT","Turf","2.0","Turf_2","11.0","F",NA,NA,NA
2019-02-12,"PN,KS,PT","Turf","2.0","Turf_2","11.0","DAUCAR",NA,NA,NA
2019-02-12,"PN,KS,PT","Turf","2.0","Turf_2","12.0","F",NA,NA,NA
2019-02-12,"PN,KS,PT","Turf","2.0","Turf_2","13.0","F",NA,NA,NA
2019-02-12,"PN,KS,PT","Turf","2.0","Turf_2","14.0","W",NA,NA,NA
2019-02-12,"PN,KS,PT","Turf","2.0","Turf_2","15.0","F",NA,NA,NA
2019-02-12,"PN,KS,PT","Turf","2.0","Turf_2","15.0","SONSPP",NA,NA,NA
2019-02-12,"PN,KS,PT","Turf","2.0","Turf_2","16.0","F",NA,NA,NA
2019-02-12,"PN,KS,PT","Turf","2.0","Turf_2","17.0","F",NA,NA,NA
2019-02-12,"PN,KS,PT","Turf","2.0","Turf_2","18.0","W",NA,NA,NA
2019-02-12,"PN,KS,PT","Turf","2.0","Turf_2","19.0","W",NA,NA,NA
2019-02-12,"PN,KS,PT","Turf","2.0","Turf_2","20.0","F",NA,NA,NA
2019-02-12,"PN,KS,PT","Turf","2.0","Turf_2","20.0","ELAPUN",NA,NA,NA
2019-02-12,"PN,KS,PT","Turf","2.0","Turf_2","21.0","F",NA,NA,NA
2019-02-12,"PN,KS,PT","Turf","2.0","Turf_2","22.0","RO",NA,NA,NA
2019-02-12,"PN,KS,PT","Turf","2.0","Turf_2","23.0","F",NA,NA,NA
2019-02-12,"PN,KS,PT","Turf","2.0","Turf_2","24.0","F",NA,NA,NA
2019-02-12,"PN,KS,PT","Turf","2.0","Turf_2","25.0","F",NA,NA,NA
2019-02-12,"PN,KS,PT","Turf","2.0","Turf_2","26.0","F",NA,NA,NA
2019-02-12,"PN,KS,PT","Turf","2.0","Turf_2","27.0","F",NA,NA,NA
2019-02-12,"PN,KS,PT","Turf","2.0","Turf_2","28.0","F",NA,NA,NA
2019-02-12,"PN,KS,PT","Turf","2.0","Turf_2","29.0","F",NA,NA,NA
2019-02-12,"PN,KS,PT","Turf","2.0","Turf_2","30.0","F",NA,NA,NA
2019-02-12,"PN,KS,PT","Turf","2.0","Turf_2","31.0","F",NA,NA,NA
2019-02-12,"PN,KS,PT","Turf","2.0","Turf_2","32.0","F",NA,NA,NA
2019-02-12,"PN,KS,PT","Turf","2.0","Turf_2","33.0","W",NA,NA,NA
2019-02-12,"PN,KS,PT","Turf","2.0","Turf_2","34.0","W",NA,NA,NA
2019-02-12,"PN,KS,PT","Turf","2.0","Turf_2","35.0","W",NA,NA,NA
2019-02-12,"PN,KS,PT","Turf","2.0","Turf_2","36.0","F",NA,NA,NA
2019-02-12,"PN,KS,PT","Turf","2.0","Turf_2","36.0","MYRCAL",NA,NA,NA
2019-02-12,"PN,KS,PT","Turf","2.0","Turf_2","37.0","F",NA,NA,NA
2019-02-12,"PN,KS,PT","Turf","2.0","Turf_2","38.0","F",NA,NA,NA
2019-02-12,"PN,KS,PT","Turf","2.0","Turf_2","39.0","F",NA,NA,NA
2019-02-12,"PN,KS,PT","Turf","2.0","Turf_2","40.0","W",NA,NA,NA
2019-02-12,"PN,KS,PT","Turf","2.0","Turf_2","40.0","ANAARV",NA,NA,NA
2019-02-12,"PN,KS,PT","Turf","2.0","Turf_2","41.0","F",NA,NA,NA
2019-02-12,"PN,KS,PT","Turf","2.0","Turf_2","42.0","W",NA,NA,NA
2019-02-12,"PN,KS,PT","Turf","2.0","Turf_2","42.0","PENSPA",NA,NA,NA
2019-02-12,"PN,KS,PT","Turf","2.0","Turf_2","43.0","F",NA,NA,NA
2019-02-12,"PN,KS,PT","Turf","2.0","Turf_2","44.0","W",NA,NA,NA
2019-02-12,"PN,KS,PT","Turf","2.0","Turf_2","44.0","PENSPA",NA,NA,NA
2019-02-12,"PN,KS,PT","Turf","2.0","Turf_2","45.0","F",NA,NA,NA
2019-02-12,"PN,KS,PT","Turf","2.0","Turf_2","45.0","PENSPA",NA,NA,NA
2019-02-12,"PN,KS,PT","Turf","2.0","Turf_2","46.0","F",NA,NA,NA
2019-02-12,"PN,KS,PT","Turf","2.0","Turf_2","47.0","W",NA,NA,NA
2019-02-12,"PN,KS,PT","Turf","2.0","Turf_2","47.0","PENSPA",NA,NA,NA
2019-02-12,"PN,KS,PT","Turf","2.0","Turf_2","48.0","F",NA,NA,NA
2019-02-12,"PN,KS,PT","Turf","2.0","Turf_2","49.0","F",NA,NA,NA
2019-02-12,"PN,KS,PT","Turf","2.0","Turf_2","50.0","L",NA,NA,NA
2019-02-12,"PN,KS,PT","Turf","2.0","Turf_2","51.0","L",NA,NA,NA
2019-02-12,"PN,KS,PT","Turf","2.0","Turf_2","52.0","L",NA,NA,NA
2019-02-12,"PN,KS,PT","Turf","2.0","Turf_2","53.0","L",NA,NA,NA
2019-02-12,"PN,KS,PT","Turf","2.0","Turf_2","54.0","L",NA,NA,NA
2019-02-12,"PN,KS,PT","Turf","2.0","Turf_2","54.0","ACHTOM",NA,NA,NA
2019-02-12,"PN,KS,PT","Turf","2.0","Turf_2","55.0","L",NA,NA,NA
2019-02-12,"PN,KS,PT","Turf","2.0","Turf_2","55.0","ACHTOM",NA,NA,NA
2019-02-12,"PN,KS,PT","Turf","2.0","Turf_2","56.0","L",NA,NA,NA
2019-02-12,"PN,KS,PT","Turf","2.0","Turf_2","56.0","PENSPA",NA,NA,NA
NA,NA,NA,NA,"_",NA,NA,NA,NA,NA
NA,NA,NA,NA,"_",NA,NA,NA,NA,NA
NA,NA,NA,NA,"_",NA,NA,NA,NA,NA
NA,NA,NA,NA,"_",NA,NA,NA,NA,NA
NA,NA,NA,NA,"_",NA,NA,NA,NA,NA
NA,NA,NA,NA,"_",NA,NA,NA,NA,NA
NA,NA,NA,NA,"_",NA,NA,NA,NA,NA
NA,NA,NA,NA,"_",NA,NA,NA,NA,NA
NA,NA,NA,NA,"_",NA,NA,NA,NA,NA
NA,NA,NA,NA,"_",NA,NA,NA,NA,NA
NA,NA,NA,NA,"_",NA,NA,NA,NA,NA
NA,NA,NA,NA,"_",NA,NA,NA,NA,NA
NA,NA,NA,NA,"_",NA,NA,NA,NA,NA
NA,NA,NA,NA,"_",NA,NA,NA,NA,NA
NA,NA,NA,NA,"_",NA,NA,NA,NA,NA
NA,NA,NA,NA,"_",NA,NA,NA,NA,NA
NA,NA,NA,NA,"_",NA,NA,NA,NA,NA
NA,NA,NA,NA,"_",NA,NA,NA,NA,NA
NA,NA,NA,NA,"_",NA,NA,NA,NA,NA
NA,NA,NA,NA,"_",NA,NA,NA,NA,NA
NA,NA,NA,NA,"_",NA,NA,NA,NA,NA
NA,NA,NA,NA,"_",NA,NA,NA,NA,NA
NA,NA,NA,NA,"_",NA,NA,NA,NA,NA
NA,NA,NA,NA,"_",NA,NA,NA,NA,NA
NA,NA,NA,NA,"_",NA,NA,NA,NA,NA
NA,NA,NA,NA,"_",NA,NA,NA,NA,NA
NA,NA,NA,NA,"_",NA,NA,NA,NA,NA
NA,NA,NA,NA,"_",NA,NA,NA,NA,NA
NA,NA,NA,NA,"_",NA,NA,NA,NA,NA
NA,NA,NA,NA,"_",NA,NA,NA,NA,NA
NA,NA,NA,NA,"_",NA,NA,NA,NA,NA
NA,NA,NA,NA,"_",NA,NA,NA,NA,NA
NA,NA,NA,NA,"_",NA,NA,NA,NA,NA
NA,NA,NA,NA,"_",NA,NA,NA,NA,NA
NA,NA,NA,NA,"_",NA,NA,NA,NA,NA
NA,NA,NA,NA,"_",NA,NA,NA,NA,NA
NA,NA,NA,NA,"_",NA,NA,NA,NA,NA
NA,NA,NA,NA,"_",NA,NA,NA,NA,NA
NA,NA,NA,NA,"_",NA,NA,NA,NA,NA
NA,NA,NA,NA,"_",NA,NA,NA,NA,NA
NA,NA,NA,NA,"_",NA,NA,NA,NA,NA
NA,NA,NA,NA,"_",NA,NA,NA,NA,NA
NA,NA,NA,NA,"_",NA,NA,NA,NA,NA
NA,NA,NA,NA,"_",NA,NA,NA,NA,NA
NA,NA,NA,NA,"_",NA,NA,NA,NA,NA
NA,NA,NA,NA,"_",NA,NA,NA,NA,NA
NA,NA,NA,NA,"_",NA,NA,NA,NA,NA
NA,NA,NA,NA,"_",NA,NA,NA,NA,NA
NA,NA,NA,NA,"_",NA,NA,NA,NA,NA
NA,NA,NA,NA,"_",NA,NA,NA,NA,NA
NA,NA,NA,NA,"_",NA,NA,NA,NA,NA
NA,NA,NA,NA,"_",NA,NA,NA,NA,NA
NA,NA,NA,NA,"_",NA,NA,NA,NA,NA
NA,NA,NA,NA,"_",NA,NA,NA,NA,NA
NA,NA,NA,NA,"_",NA,NA,NA,NA,NA
NA,NA,NA,NA,"_",NA,NA,NA,NA,NA
NA,NA,NA,NA,"_",NA,NA,NA,NA,NA
NA,NA,NA,NA,"_",NA,NA,NA,NA,NA
NA,NA,NA,NA,"_",NA,NA,NA,NA,NA
NA,NA,NA,NA,"_",NA,NA,NA,NA,NA
NA,NA,NA,NA,"_",NA,NA,NA,NA,NA
NA,NA,NA,NA,"_",NA,NA,NA,NA,NA
NA,NA,NA,NA,"_",NA,NA,NA,NA,NA
NA,NA,NA,NA,"_",NA,NA,NA,NA,NA
NA,NA,NA,NA,"_",NA,NA,NA,NA,NA
NA,NA,NA,NA,"_",NA,NA,NA,NA,NA
NA,NA,NA,NA,"_",NA,NA,NA,NA,NA
NA,NA,NA,NA,"_",NA,NA,NA,NA,NA
NA,NA,NA,NA,"_",NA,NA,NA,NA,NA
NA,NA,NA,NA,"_",NA,NA,NA,NA,NA
NA,NA,NA,NA,"_",NA,NA,NA,NA,NA
NA,NA,NA,NA,"_",NA,NA,NA,NA,NA
NA,NA,NA,NA,"_",NA,NA,NA,NA,NA
NA,NA,NA,NA,"_",NA,NA,NA,NA,NA
NA,NA,NA,NA,"_",NA,NA,NA,NA,NA
NA,NA,NA,NA,"_",NA,NA,NA,NA,NA
NA,NA,NA,NA,"_",NA,NA,NA,NA,NA
NA,NA,NA,NA,"_",NA,NA,NA,NA,NA
NA,NA,NA,NA,"_",NA,NA,NA,NA,NA
NA,NA,NA,NA,"_",NA,NA,NA,NA,NA
NA,NA,NA,NA,"_",NA,NA,NA,NA,NA
NA,NA,NA,NA,"_",NA,NA,NA,NA,NA
NA,NA,NA,NA,"_",NA,NA,NA,NA,NA
NA,NA,NA,NA,"_",NA,NA,NA,NA,NA
NA,NA,NA,NA,"_",NA,NA,NA,NA,NA
NA,NA,NA,NA,"_",NA,NA,NA,NA,NA
NA,NA,NA,NA,"_",NA,NA,NA,NA,NA
NA,NA,NA,NA,"_",NA,NA,NA,NA,NA
NA,NA,NA,NA,"_",NA,NA,NA,NA,NA
NA,NA,NA,NA,"_",NA,NA,NA,NA,NA
NA,NA,NA,NA,"_",NA,NA,NA,NA,NA
NA,NA,NA,NA,"_",NA,NA,NA,NA,NA
NA,NA,NA,NA,"_",NA,NA,NA,NA,NA
NA,NA,NA,NA,"_",NA,NA,NA,NA,NA
NA,NA,NA,NA,"_",NA,NA,NA,NA,NA
NA,NA,NA,NA,"_",NA,NA,NA,NA,NA
NA,NA,NA,NA,"_",NA,NA,NA,NA,NA
NA,NA,NA,NA,"_",NA,NA,NA,NA,NA
NA,NA,NA,NA,"_",NA,NA,NA,NA,NA
NA,NA,NA,NA,"_",NA,NA,NA,NA,NA
NA,NA,NA,NA,"_",NA,NA,NA,NA,NA
NA,NA,NA,NA,"_",NA,NA,NA,NA,NA
NA,NA,NA,NA,"_",NA,NA,NA,NA,NA
NA,NA,NA,NA,"_",NA,NA,NA,NA,NA
NA,NA,NA,NA,"_",NA,NA,NA,NA,NA
NA,NA,NA,NA,"_",NA,NA,NA,NA,NA
NA,NA,NA,NA,"_",NA,NA,NA,NA,NA
NA,NA,NA,NA,"_",NA,NA,NA,NA,NA
NA,NA,NA,NA,"_",NA,NA,NA,NA,NA
NA,NA,NA,NA,"_",NA,NA,NA,NA,NA
NA,NA,NA,NA,"_",NA,NA,NA,NA,NA
NA,NA,NA,NA,"_",NA,NA,NA,NA,NA
NA,NA,NA,NA,"_",NA,NA,NA,NA,NA
NA,NA,NA,NA,"_",NA,NA,NA,NA,NA
NA,NA,NA,NA,"_",NA,NA,NA,NA,NA
NA,NA,NA,NA,"_",NA,NA,NA,NA,NA
NA,NA,NA,NA,"_",NA,NA,NA,NA,NA
NA,NA,NA,NA,"_",NA,NA,NA,NA,NA
NA,NA,NA,NA,"_",NA,NA,NA,NA,NA
NA,NA,NA,NA,"_",NA,NA,NA,NA,NA
NA,NA,NA,NA,"_",NA,NA,NA,NA,NA
NA,NA,NA,NA,"_",NA,NA,NA,NA,NA
NA,NA,NA,NA,"_",NA,NA,NA,NA,NA
NA,NA,NA,NA,"_",NA,NA,NA,NA,NA
NA,NA,NA,NA,"_",NA,NA,NA,NA,NA
NA,NA,NA,NA,"_",NA,NA,NA,NA,NA
NA,NA,NA,NA,"_",NA,NA,NA,NA,NA
NA,NA,NA,NA,"_",NA,NA,NA,NA,NA
NA,NA,NA,NA,"_",NA,NA,NA,NA,NA
NA,NA,NA,NA,"_",NA,NA,NA,NA,NA
NA,NA,NA,NA,"_",NA,NA,NA,NA,NA
NA,NA,NA,NA,"_",NA,NA,NA,NA,NA
NA,NA,NA,NA,"_",NA,NA,NA,NA,NA
NA,NA,NA,NA,"_",NA,NA,NA,NA,NA
NA,NA,NA,NA,"_",NA,NA,NA,NA,NA
NA,NA,NA,NA,"_",NA,NA,NA,NA,NA
NA,NA,NA,NA,"_",NA,NA,NA,NA,NA
NA,NA,NA,NA,"_",NA,NA,NA,NA,NA
NA,NA,NA,NA,"_",NA,NA,NA,NA,NA
NA,NA,NA,NA,"_",NA,NA,NA,NA,NA
NA,NA,NA,NA,"_",NA,NA,NA,NA,NA
NA,NA,NA,NA,"_",NA,NA,NA,NA,NA
NA,NA,NA,NA,"_",NA,NA,NA,NA,NA
NA,NA,NA,NA,"_",NA,NA,NA,NA,NA
NA,NA,NA,NA,"_",NA,NA,NA,NA,NA
NA,NA,NA,NA,"_",NA,NA,NA,NA,NA
NA,NA,NA,NA,"_",NA,NA,NA,NA,NA
NA,NA,NA,NA,"_",NA,NA,NA,NA,NA
NA,NA,NA,NA,"_",NA,NA,NA,NA,NA
NA,NA,NA,NA,"_",NA,NA,NA,NA,NA
NA,NA,NA,NA,"_",NA,NA,NA,NA,NA
NA,NA,NA,NA,"_",NA,NA,NA,NA,NA
NA,NA,NA,NA,"_",NA,NA,NA,NA,NA
NA,NA,NA,NA,"_",NA,NA,NA,NA,NA
NA,NA,NA,NA,"_",NA,NA,NA,NA,NA
NA,NA,NA,NA,"_",NA,NA,NA,NA,NA
NA,NA,NA,NA,"_",NA,NA,NA,NA,NA
NA,NA,NA,NA,"_",NA,NA,NA,NA,NA
NA,NA,NA,NA,"_",NA,NA,NA,NA,NA
NA,NA,NA,NA,"_",NA,NA,NA,NA,NA
NA,NA,NA,NA,"_",NA,NA,NA,NA,NA
NA,NA,NA,NA,"_",NA,NA,NA,NA,NA
NA,NA,NA,NA,"_",NA,NA,NA,NA,NA
NA,NA,NA,NA,"_",NA,NA,NA,NA,NA
NA,NA,NA,NA,"_",NA,NA,NA,NA,NA
NA,NA,NA,NA,"_",NA,NA,NA,NA,NA
NA,NA,NA,NA,"_",NA,NA,NA,NA,NA
NA,NA,NA,NA,"_",NA,NA,NA,NA,NA
NA,NA,NA,NA,"_",NA,NA,NA,NA,NA
NA,NA,NA,NA,"_",NA,NA,NA,NA,NA
NA,NA,NA,NA,"_",NA,NA,NA,NA,NA
NA,NA,NA,NA,"_",NA,NA,NA,NA,NA
NA,NA,NA,NA,"_",NA,NA,NA,NA,NA
NA,NA,NA,NA,"_",NA,NA,NA,NA,NA
NA,NA,NA,NA,"_",NA,NA,NA,NA,NA
NA,NA,NA,NA,"_",NA,NA,NA,NA,NA
NA,NA,NA,NA,"_",NA,NA,NA,NA,NA
NA,NA,NA,NA,"_",NA,NA,NA,NA,NA
NA,NA,NA,NA,"_",NA,NA,NA,NA,NA
NA,NA,NA,NA,"_",NA,NA,NA,NA,NA
NA,NA,NA,NA,"_",NA,NA,NA,NA,NA
NA,NA,NA,NA,"_",NA,NA,NA,NA,NA
NA,NA,NA,NA,"_",NA,NA,NA,NA,NA
NA,NA,NA,NA,"_",NA,NA,NA,NA,NA
NA,NA,NA,NA,"_",NA,NA,NA,NA,NA
NA,NA,NA,NA,"_",NA,NA,NA,NA,NA
NA,NA,NA,NA,"_",NA,NA,NA,NA,NA
NA,NA,NA,NA,"_",NA,NA,NA,NA,NA
NA,NA,NA,NA,"_",NA,NA,NA,NA,NA
NA,NA,NA,NA,"_",NA,NA,NA,NA,NA
NA,NA,NA,NA,"_",NA,NA,NA,NA,NA
NA,NA,NA,NA,"_",NA,NA,NA,NA,NA
NA,NA,NA,NA,"_",NA,NA,NA,NA,NA
NA,NA,NA,NA,"_",NA,NA,NA,NA,NA
NA,NA,NA,NA,"_",NA,NA,NA,NA,NA
NA,NA,NA,NA,"_",NA,NA,NA,NA,NA
NA,NA,NA,NA,"_",NA,NA,NA,NA,NA
NA,NA,NA,NA,"_",NA,NA,NA,NA,NA
NA,NA,NA,NA,"_",NA,NA,NA,NA,NA
NA,NA,NA,NA,"_",NA,NA,NA,NA,NA
NA,NA,NA,NA,"_",NA,NA,NA,NA,NA
NA,NA,NA,NA,"_",NA,NA,NA,NA,NA
NA,NA,NA,NA,"_",NA,NA,NA,NA,NA
NA,NA,NA,NA,"_",NA,NA,NA,NA,NA
NA,NA,NA,NA,"_",NA,NA,NA,NA,NA
NA,NA,NA,NA,"_",NA,NA,NA,NA,NA
NA,NA,NA,NA,"_",NA,NA,NA,NA,NA
NA,NA,NA,NA,"_",NA,NA,NA,NA,NA
NA,NA,NA,NA,"_",NA,NA,NA,NA,NA
NA,NA,NA,NA,"_",NA,NA,NA,NA,NA
NA,NA,NA,NA,"_",NA,NA,NA,NA,NA
NA,NA,NA,NA,"_",NA,NA,NA,NA,NA
NA,NA,NA,NA,"_",NA,NA,NA,NA,NA
NA,NA,NA,NA,"_",NA,NA,NA,NA,NA
NA,NA,NA,NA,"_",NA,NA,NA,NA,NA
NA,NA,NA,NA,"_",NA,NA,NA,NA,NA
NA,NA,NA,NA,"_",NA,NA,NA,NA,NA
NA,NA,NA,NA,"_",NA,NA,NA,NA,NA
NA,NA,NA,NA,"_",NA,NA,NA,NA,NA
NA,NA,NA,NA,"_",NA,NA,NA,NA,NA
NA,NA,NA,NA,"_",NA,NA,NA,NA,NA
NA,NA,NA,NA,"_",NA,NA,NA,NA,NA
NA,NA,NA,NA,"_",NA,NA,NA,NA,NA
NA,NA,NA,NA,"_",NA,NA,NA,NA,NA
NA,NA,NA,NA,"_",NA,NA,NA,NA,NA
NA,NA,NA,NA,"_",NA,NA,NA,NA,NA
